#
# There is insufficient memory for the Java Runtime Environment to continue.
# Native memory allocation (malloc) failed to allocate 1935056 bytes. Error detail: Chunk::new
# Possible reasons:
#   The system is out of physical RAM or swap space
#   This process is running with CompressedOops enabled, and the Java Heap may be blocking the growth of the native heap
# Possible solutions:
#   Reduce memory load on the system
#   Increase physical memory or swap space
#   Check if swap backing store is full
#   Decrease Java heap size (-Xmx/-Xms)
#   Decrease number of Java threads
#   Decrease Java thread stack sizes (-Xss)
#   Set larger code cache with -XX:ReservedCodeCacheSize=
#   JVM is running with Unscaled Compressed Oops mode in which the Java heap is
#     placed in the first 4GB address space. The Java Heap base address is the
#     maximum limit for the native heap growth. Please use -XX:HeapBaseMinAddress
#     to set the Java Heap base and to place the Java Heap above 4GB virtual address.
# This output file may be truncated or incomplete.
#
#  Out of Memory Error (arena.cpp:168), pid=26520, tid=24704
#
# JRE version: OpenJDK Runtime Environment Temurin-21.0.12.1+1 (21.0.12.1+1) (build 21.0.12.1+1-LTS)
# Java VM: OpenJDK 64-Bit Server VM Temurin-21.0.12.1+1 (21.0.12.1+1-LTS, mixed mode, sharing, tiered, compressed oops, compressed class ptrs, g1 gc, windows-amd64)
# No core dump will be written. Minidumps are not enabled by default on client versions of Windows
#

---------------  S U M M A R Y ------------

Command Line: --enable-native-access=ALL-UNNAMED -Dclassworlds.conf=D:\apache-maven-3.9.16\bin\m2.conf -Dmaven.home=D:\apache-maven-3.9.16 -Dlibrary.jansi.path=D:\apache-maven-3.9.16\lib\jansi-native -Dmaven.multiModuleProjectDirectory=D:\MEFPT\SIGRH\backend org.codehaus.plexus.classworlds.launcher.Launcher spring-boot:run

Host: 12th Gen Intel(R) Core(TM) i5-1235U, 12 cores, 7G,  Windows 11 , 64 bit Build 26100 (10.0.26100.9444)
Time: Tue Sep 29 09:21:57 2026 Greenwich elapsed time: 104.033940 seconds (0d 0h 1m 44s)

---------------  T H R E A D  ---------------

Current thread (0x0000019ef9b63cf0):  JavaThread "C2 CompilerThread0" daemon [_thread_in_native, id=24704, stack(0x0000009c6a600000,0x0000009c6a700000) (1024K)]


Current CompileTask:
C2:104034 17522   !   4       java.nio.file.FileTreeWalker::visit (204 bytes)

Stack: [0x0000009c6a600000,0x0000009c6a700000]
Native frames: (J=compiled Java code, j=interpreted, Vv=VM code, C=native code)
V  [jvm.dll+0x6d83e9]
V  [jvm.dll+0x8b5736]
V  [jvm.dll+0x8b7cee]
V  [jvm.dll+0x8b83d3]
V  [jvm.dll+0x284596]
V  [jvm.dll+0xc685d]
V  [jvm.dll+0xc6da1]
V  [jvm.dll+0x3bf151]
V  [jvm.dll+0x38b6d2]
V  [jvm.dll+0x38ab1a]
V  [jvm.dll+0x24c700]
V  [jvm.dll+0x24bce0]
V  [jvm.dll+0x1cb4ae]
V  [jvm.dll+0x25baad]
V  [jvm.dll+0x25a03a]
V  [jvm.dll+0x3f8aae]
V  [jvm.dll+0x8600cd]
V  [jvm.dll+0x6d6c1d]
C  [ucrtbase.dll+0x2cd30]
C  [KERNEL32.DLL+0x2cd87]
C  [ntdll.dll+0xacaec]


---------------  P R O C E S S  ---------------

Threads class SMR info:
_java_thread_list=0x0000019efa6ba6d0, length=12, elements={
0x0000019edadf5060, 0x0000019ef9b4d9f0, 0x0000019ef9b4e450, 0x0000019ef9b55640,
0x0000019ef9b56300, 0x0000019ef9b56f10, 0x0000019ef9b5fd90, 0x0000019ef9b63cf0,
0x0000019ef9b64ca0, 0x0000019efa3363c0, 0x0000019efa33da70, 0x0000019eff4ff890
}

Java Threads: ( => current thread )
  0x0000019edadf5060 JavaThread "main"                              [_thread_in_native, id=29856, stack(0x0000009c69800000,0x0000009c69900000) (1024K)]
  0x0000019ef9b4d9f0 JavaThread "Reference Handler"          daemon [_thread_blocked, id=13928, stack(0x0000009c6a000000,0x0000009c6a100000) (1024K)]
  0x0000019ef9b4e450 JavaThread "Finalizer"                  daemon [_thread_blocked, id=1876, stack(0x0000009c6a100000,0x0000009c6a200000) (1024K)]
  0x0000019ef9b55640 JavaThread "Signal Dispatcher"          daemon [_thread_blocked, id=5360, stack(0x0000009c6a200000,0x0000009c6a300000) (1024K)]
  0x0000019ef9b56300 JavaThread "Attach Listener"            daemon [_thread_blocked, id=16836, stack(0x0000009c6a300000,0x0000009c6a400000) (1024K)]
  0x0000019ef9b56f10 JavaThread "Service Thread"             daemon [_thread_blocked, id=30552, stack(0x0000009c6a400000,0x0000009c6a500000) (1024K)]
  0x0000019ef9b5fd90 JavaThread "Monitor Deflation Thread"   daemon [_thread_blocked, id=7884, stack(0x0000009c6a500000,0x0000009c6a600000) (1024K)]
=>0x0000019ef9b63cf0 JavaThread "C2 CompilerThread0"         daemon [_thread_in_native, id=24704, stack(0x0000009c6a600000,0x0000009c6a700000) (1024K)]
  0x0000019ef9b64ca0 JavaThread "C1 CompilerThread0"         daemon [_thread_blocked, id=12052, stack(0x0000009c6a700000,0x0000009c6a800000) (1024K)]
  0x0000019efa3363c0 JavaThread "Notification Thread"        daemon [_thread_blocked, id=23448, stack(0x0000009c6a800000,0x0000009c6a900000) (1024K)]
  0x0000019efa33da70 JavaThread "Common-Cleaner"             daemon [_thread_blocked, id=29656, stack(0x0000009c6a900000,0x0000009c6aa00000) (1024K)]
  0x0000019eff4ff890 JavaThread "Thread-1"                   daemon [_thread_blocked, id=18224, stack(0x0000009c6b200000,0x0000009c6b300000) (1024K)]
Total: 12

Other Threads:
  0x0000019ef9b30980 VMThread "VM Thread"                           [id=11548, stack(0x0000009c69f00000,0x0000009c6a000000) (1024K)]
  0x0000019ef9b145c0 WatcherThread "VM Periodic Task Thread"        [id=19008, stack(0x0000009c69e00000,0x0000009c69f00000) (1024K)]
  0x0000019edd290140 WorkerThread "GC Thread#0"                     [id=1468, stack(0x0000009c69900000,0x0000009c69a00000) (1024K)]
  0x0000019efacf8330 WorkerThread "GC Thread#1"                     [id=5124, stack(0x0000009c6aa00000,0x0000009c6ab00000) (1024K)]
  0x0000019eff3dc900 WorkerThread "GC Thread#2"                     [id=23144, stack(0x0000009c6ab00000,0x0000009c6ac00000) (1024K)]
  0x0000019eff08a240 WorkerThread "GC Thread#3"                     [id=30296, stack(0x0000009c6ac00000,0x0000009c6ad00000) (1024K)]
  0x0000019eff08a5f0 WorkerThread "GC Thread#4"                     [id=14424, stack(0x0000009c6ad00000,0x0000009c6ae00000) (1024K)]
  0x0000019eff08a9a0 WorkerThread "GC Thread#5"                     [id=31516, stack(0x0000009c6ae00000,0x0000009c6af00000) (1024K)]
  0x0000019eff08ad50 WorkerThread "GC Thread#6"                     [id=26096, stack(0x0000009c6af00000,0x0000009c6b000000) (1024K)]
  0x0000019eff08b100 WorkerThread "GC Thread#7"                     [id=21948, stack(0x0000009c6b000000,0x0000009c6b100000) (1024K)]
  0x0000019eff030c50 WorkerThread "GC Thread#8"                     [id=29588, stack(0x0000009c6b100000,0x0000009c6b200000) (1024K)]
  0x0000019eff757260 WorkerThread "GC Thread#9"                     [id=17312, stack(0x0000009c6b300000,0x0000009c6b400000) (1024K)]
  0x0000019edd2a1480 ConcurrentGCThread "G1 Main Marker"            [id=28344, stack(0x0000009c69a00000,0x0000009c69b00000) (1024K)]
  0x0000019edd2a2eb0 WorkerThread "G1 Conc#0"                       [id=9256, stack(0x0000009c69b00000,0x0000009c69c00000) (1024K)]
  0x0000019eff757610 WorkerThread "G1 Conc#1"                       [id=31452, stack(0x0000009c6b400000,0x0000009c6b500000) (1024K)]
  0x0000019eff756eb0 WorkerThread "G1 Conc#2"                       [id=20084, stack(0x0000009c6b500000,0x0000009c6b600000) (1024K)]
  0x0000019ef99e61e0 ConcurrentGCThread "G1 Refine#0"               [id=7052, stack(0x0000009c69c00000,0x0000009c69d00000) (1024K)]
  0x0000019edd2fd900 ConcurrentGCThread "G1 Service"                [id=30428, stack(0x0000009c69d00000,0x0000009c69e00000) (1024K)]
Total: 18

Threads with active compile tasks:
C2 CompilerThread0  104144 17522   !   4       java.nio.file.FileTreeWalker::visit (204 bytes)
Total: 1

VM state: not at safepoint (normal execution)

VM Mutex/Monitor currently owned by a thread: None

Heap address: 0x0000000085200000, size: 1966 MB, Compressed Oops mode: 32-bit

CDS archive(s) mapped at: [0x0000019e80000000-0x0000019e80c80000-0x0000019e80c80000), size 13107200, SharedBaseAddress: 0x0000019e80000000, ArchiveRelocationMode: 1.
Compressed class space mapped at: 0x0000019e81000000-0x0000019ec1000000, reserved size: 1073741824
Narrow klass base: 0x0000019e80000000, Narrow klass shift: 0, Narrow klass range: 0x100000000

GC Precious Log:
 CardTable entry size: 512
 Card Set container configuration: InlinePtr #cards 5 size 8 Array Of Cards #cards 12 size 40 Howl #buckets 4 coarsen threshold 1843 Howl Bitmap #cards 512 size 80 coarsen threshold 460 Card regions per heap region 1 cards per card region 2048
 CPUs: 12 total, 12 available
 Memory: 7863M
 Large Page Support: Disabled
 NUMA Support: Disabled
 Compressed Oops: Enabled (32-bit)
 Heap Region Size: 1M
 Heap Min Capacity: 8M
 Heap Initial Capacity: 124M
 Heap Max Capacity: 1966M
 Pre-touch: Disabled
 Parallel Workers: 10
 Concurrent Workers: 3
 Concurrent Refinement Workers: 10
 Periodic GC: Disabled

Heap:
 garbage-first heap   total 413696K, used 211296K [0x0000000085200000, 0x0000000100000000)
  region size 1024K, 64 young (65536K), 18 survivors (18432K)
 Metaspace       used 43833K, committed 44608K, reserved 1114112K
  class space    used 4781K, committed 5120K, reserved 1048576K

Heap Regions: E=young(eden), S=young(survivor), O=old, HS=humongous(starts), HC=humongous(continues), CS=collection set, F=free, TAMS=top-at-mark-start, PB=parsable bottom
|   0|0x0000000085200000, 0x0000000085300000, 0x0000000085300000|100%| O|  |TAMS 0x0000000085200000| PB 0x0000000085200000| Untracked 
|   1|0x0000000085300000, 0x0000000085400000, 0x0000000085400000|100%| O|  |TAMS 0x0000000085300000| PB 0x0000000085300000| Untracked 
|   2|0x0000000085400000, 0x0000000085500000, 0x0000000085500000|100%| O|  |TAMS 0x0000000085400000| PB 0x0000000085400000| Untracked 
|   3|0x0000000085500000, 0x0000000085600000, 0x0000000085600000|100%| O|  |TAMS 0x0000000085500000| PB 0x0000000085500000| Untracked 
|   4|0x0000000085600000, 0x0000000085700000, 0x0000000085700000|100%| O|  |TAMS 0x0000000085600000| PB 0x0000000085600000| Untracked 
|   5|0x0000000085700000, 0x0000000085800000, 0x0000000085800000|100%| O|  |TAMS 0x0000000085700000| PB 0x0000000085700000| Untracked 
|   6|0x0000000085800000, 0x0000000085900000, 0x0000000085900000|100%| O|  |TAMS 0x0000000085800000| PB 0x0000000085800000| Untracked 
|   7|0x0000000085900000, 0x0000000085a00000, 0x0000000085a00000|100%| O|  |TAMS 0x0000000085900000| PB 0x0000000085900000| Untracked 
|   8|0x0000000085a00000, 0x0000000085b00000, 0x0000000085b00000|100%| O|  |TAMS 0x0000000085a00000| PB 0x0000000085a00000| Untracked 
|   9|0x0000000085b00000, 0x0000000085c00000, 0x0000000085c00000|100%| O|  |TAMS 0x0000000085b00000| PB 0x0000000085b00000| Untracked 
|  10|0x0000000085c00000, 0x0000000085d00000, 0x0000000085d00000|100%| O|  |TAMS 0x0000000085c00000| PB 0x0000000085c00000| Untracked 
|  11|0x0000000085d00000, 0x0000000085e00000, 0x0000000085e00000|100%| O|  |TAMS 0x0000000085d00000| PB 0x0000000085d00000| Untracked 
|  12|0x0000000085e00000, 0x0000000085f00000, 0x0000000085f00000|100%| O|  |TAMS 0x0000000085e00000| PB 0x0000000085e00000| Untracked 
|  13|0x0000000085f00000, 0x0000000086000000, 0x0000000086000000|100%| O|  |TAMS 0x0000000085f00000| PB 0x0000000085f00000| Untracked 
|  14|0x0000000086000000, 0x0000000086100000, 0x0000000086100000|100%| O|  |TAMS 0x0000000086000000| PB 0x0000000086000000| Untracked 
|  15|0x0000000086100000, 0x0000000086200000, 0x0000000086200000|100%|HS|  |TAMS 0x0000000086100000| PB 0x0000000086100000| Complete 
|  16|0x0000000086200000, 0x0000000086300000, 0x0000000086300000|100%|HC|  |TAMS 0x0000000086200000| PB 0x0000000086200000| Complete 
|  17|0x0000000086300000, 0x0000000086400000, 0x0000000086400000|100%| O|  |TAMS 0x0000000086300000| PB 0x0000000086300000| Untracked 
|  18|0x0000000086400000, 0x0000000086500000, 0x0000000086500000|100%|HS|  |TAMS 0x0000000086400000| PB 0x0000000086400000| Complete 
|  19|0x0000000086500000, 0x0000000086600000, 0x0000000086600000|100%| O|  |TAMS 0x0000000086500000| PB 0x0000000086500000| Untracked 
|  20|0x0000000086600000, 0x0000000086700000, 0x0000000086700000|100%| O|  |TAMS 0x0000000086600000| PB 0x0000000086600000| Untracked 
|  21|0x0000000086700000, 0x0000000086800000, 0x0000000086800000|100%| O|  |TAMS 0x0000000086700000| PB 0x0000000086700000| Untracked 
|  22|0x0000000086800000, 0x0000000086900000, 0x0000000086900000|100%| O|  |TAMS 0x0000000086800000| PB 0x0000000086800000| Untracked 
|  23|0x0000000086900000, 0x0000000086a00000, 0x0000000086a00000|100%| O|  |TAMS 0x0000000086900000| PB 0x0000000086900000| Untracked 
|  24|0x0000000086a00000, 0x0000000086b00000, 0x0000000086b00000|100%| O|Cm|TAMS 0x0000000086a00000| PB 0x0000000086a00000| Complete 
|  25|0x0000000086b00000, 0x0000000086c00000, 0x0000000086c00000|100%| O|Cm|TAMS 0x0000000086b00000| PB 0x0000000086b00000| Complete 
|  26|0x0000000086c00000, 0x0000000086d00000, 0x0000000086d00000|100%| O|Cm|TAMS 0x0000000086c00000| PB 0x0000000086c00000| Complete 
|  27|0x0000000086d00000, 0x0000000086e00000, 0x0000000086e00000|100%| O|Cm|TAMS 0x0000000086d00000| PB 0x0000000086d00000| Complete 
|  28|0x0000000086e00000, 0x0000000086f00000, 0x0000000086f00000|100%| O|Cm|TAMS 0x0000000086e00000| PB 0x0000000086e00000| Complete 
|  29|0x0000000086f00000, 0x0000000087000000, 0x0000000087000000|100%|HS|  |TAMS 0x0000000086f00000| PB 0x0000000086f00000| Complete 
|  30|0x0000000087000000, 0x0000000087100000, 0x0000000087100000|100%| O|Cm|TAMS 0x0000000087000000| PB 0x0000000087000000| Complete 
|  31|0x0000000087100000, 0x0000000087200000, 0x0000000087200000|100%|HS|  |TAMS 0x0000000087100000| PB 0x0000000087100000| Complete 
|  32|0x0000000087200000, 0x0000000087300000, 0x0000000087300000|100%| O|  |TAMS 0x0000000087200000| PB 0x0000000087200000| Untracked 
|  33|0x0000000087300000, 0x0000000087400000, 0x0000000087400000|100%| O|Cm|TAMS 0x0000000087300000| PB 0x0000000087300000| Complete 
|  34|0x0000000087400000, 0x0000000087500000, 0x0000000087500000|100%| O|Cm|TAMS 0x0000000087400000| PB 0x0000000087400000| Complete 
|  35|0x0000000087500000, 0x0000000087600000, 0x0000000087600000|100%| O|Cm|TAMS 0x0000000087500000| PB 0x0000000087500000| Complete 
|  36|0x0000000087600000, 0x0000000087700000, 0x0000000087700000|100%| O|  |TAMS 0x0000000087600000| PB 0x0000000087600000| Untracked 
|  37|0x0000000087700000, 0x0000000087800000, 0x0000000087800000|100%| O|  |TAMS 0x0000000087700000| PB 0x0000000087700000| Untracked 
|  38|0x0000000087800000, 0x0000000087900000, 0x0000000087900000|100%| O|Cm|TAMS 0x0000000087800000| PB 0x0000000087800000| Complete 
|  39|0x0000000087900000, 0x0000000087a00000, 0x0000000087a00000|100%| O|Cm|TAMS 0x0000000087900000| PB 0x0000000087900000| Complete 
|  40|0x0000000087a00000, 0x0000000087b00000, 0x0000000087b00000|100%| O|Cm|TAMS 0x0000000087a00000| PB 0x0000000087a00000| Complete 
|  41|0x0000000087b00000, 0x0000000087c00000, 0x0000000087c00000|100%| O|  |TAMS 0x0000000087b00000| PB 0x0000000087b00000| Untracked 
|  42|0x0000000087c00000, 0x0000000087d00000, 0x0000000087d00000|100%| O|  |TAMS 0x0000000087c00000| PB 0x0000000087c00000| Untracked 
|  43|0x0000000087d00000, 0x0000000087e00000, 0x0000000087e00000|100%| O|  |TAMS 0x0000000087d00000| PB 0x0000000087d00000| Untracked 
|  44|0x0000000087e00000, 0x0000000087f00000, 0x0000000087f00000|100%| O|  |TAMS 0x0000000087e00000| PB 0x0000000087e00000| Untracked 
|  45|0x0000000087f00000, 0x0000000088000000, 0x0000000088000000|100%| O|  |TAMS 0x0000000087f00000| PB 0x0000000087f00000| Untracked 
|  46|0x0000000088000000, 0x0000000088100000, 0x0000000088100000|100%| O|  |TAMS 0x0000000088000000| PB 0x0000000088000000| Untracked 
|  47|0x0000000088100000, 0x0000000088200000, 0x0000000088200000|100%| O|  |TAMS 0x0000000088100000| PB 0x0000000088100000| Untracked 
|  48|0x0000000088200000, 0x0000000088300000, 0x0000000088300000|100%| O|  |TAMS 0x0000000088200000| PB 0x0000000088200000| Untracked 
|  49|0x0000000088300000, 0x0000000088400000, 0x0000000088400000|100%| O|Cm|TAMS 0x0000000088300000| PB 0x0000000088300000| Complete 
|  50|0x0000000088400000, 0x0000000088500000, 0x0000000088500000|100%| O|Cm|TAMS 0x0000000088400000| PB 0x0000000088400000| Complete 
|  51|0x0000000088500000, 0x0000000088600000, 0x0000000088600000|100%| O|Cm|TAMS 0x0000000088500000| PB 0x0000000088500000| Complete 
|  52|0x0000000088600000, 0x0000000088700000, 0x0000000088700000|100%| O|Cm|TAMS 0x0000000088600000| PB 0x0000000088600000| Complete 
|  53|0x0000000088700000, 0x0000000088800000, 0x0000000088800000|100%| O|  |TAMS 0x0000000088700000| PB 0x0000000088700000| Untracked 
|  54|0x0000000088800000, 0x0000000088900000, 0x0000000088900000|100%| O|Cm|TAMS 0x0000000088800000| PB 0x0000000088800000| Complete 
|  55|0x0000000088900000, 0x0000000088a00000, 0x0000000088a00000|100%| O|  |TAMS 0x0000000088900000| PB 0x0000000088900000| Untracked 
|  56|0x0000000088a00000, 0x0000000088b00000, 0x0000000088b00000|100%| O|  |TAMS 0x0000000088a00000| PB 0x0000000088a00000| Untracked 
|  57|0x0000000088b00000, 0x0000000088c00000, 0x0000000088c00000|100%| O|  |TAMS 0x0000000088b00000| PB 0x0000000088b00000| Untracked 
|  58|0x0000000088c00000, 0x0000000088d00000, 0x0000000088d00000|100%| O|  |TAMS 0x0000000088c00000| PB 0x0000000088c00000| Untracked 
|  59|0x0000000088d00000, 0x0000000088e00000, 0x0000000088e00000|100%| O|  |TAMS 0x0000000088d00000| PB 0x0000000088d00000| Untracked 
|  60|0x0000000088e00000, 0x0000000088f00000, 0x0000000088f00000|100%| O|  |TAMS 0x0000000088e00000| PB 0x0000000088e00000| Untracked 
|  61|0x0000000088f00000, 0x0000000089000000, 0x0000000089000000|100%|HS|  |TAMS 0x0000000088f00000| PB 0x0000000088f00000| Complete 
|  62|0x0000000089000000, 0x0000000089100000, 0x0000000089100000|100%| O|  |TAMS 0x0000000089000000| PB 0x0000000089000000| Untracked 
|  63|0x0000000089100000, 0x0000000089200000, 0x0000000089200000|100%| O|  |TAMS 0x0000000089100000| PB 0x0000000089100000| Untracked 
|  64|0x0000000089200000, 0x0000000089300000, 0x0000000089300000|100%| O|  |TAMS 0x0000000089200000| PB 0x0000000089200000| Untracked 
|  65|0x0000000089300000, 0x0000000089400000, 0x0000000089400000|100%| O|  |TAMS 0x0000000089300000| PB 0x0000000089300000| Untracked 
|  66|0x0000000089400000, 0x0000000089500000, 0x0000000089500000|100%| O|Cm|TAMS 0x0000000089400000| PB 0x0000000089400000| Complete 
|  67|0x0000000089500000, 0x0000000089600000, 0x0000000089600000|100%| O|Cm|TAMS 0x0000000089500000| PB 0x0000000089500000| Complete 
|  68|0x0000000089600000, 0x0000000089700000, 0x0000000089700000|100%| O|  |TAMS 0x0000000089600000| PB 0x0000000089600000| Untracked 
|  69|0x0000000089700000, 0x0000000089800000, 0x0000000089800000|100%| O|  |TAMS 0x0000000089700000| PB 0x0000000089700000| Untracked 
|  70|0x0000000089800000, 0x0000000089900000, 0x0000000089900000|100%| O|  |TAMS 0x0000000089800000| PB 0x0000000089800000| Untracked 
|  71|0x0000000089900000, 0x0000000089a00000, 0x0000000089a00000|100%| O|  |TAMS 0x0000000089900000| PB 0x0000000089900000| Untracked 
|  72|0x0000000089a00000, 0x0000000089b00000, 0x0000000089b00000|100%| O|  |TAMS 0x0000000089a00000| PB 0x0000000089a00000| Untracked 
|  73|0x0000000089b00000, 0x0000000089c00000, 0x0000000089c00000|100%| O|  |TAMS 0x0000000089b00000| PB 0x0000000089b00000| Untracked 
|  74|0x0000000089c00000, 0x0000000089d00000, 0x0000000089d00000|100%| O|  |TAMS 0x0000000089c00000| PB 0x0000000089c00000| Untracked 
|  75|0x0000000089d00000, 0x0000000089e00000, 0x0000000089e00000|100%| O|  |TAMS 0x0000000089d00000| PB 0x0000000089d00000| Untracked 
|  76|0x0000000089e00000, 0x0000000089f00000, 0x0000000089f00000|100%| O|  |TAMS 0x0000000089e00000| PB 0x0000000089e00000| Untracked 
|  77|0x0000000089f00000, 0x000000008a000000, 0x000000008a000000|100%| O|  |TAMS 0x0000000089f00000| PB 0x0000000089f00000| Untracked 
|  78|0x000000008a000000, 0x000000008a100000, 0x000000008a100000|100%| O|  |TAMS 0x000000008a000000| PB 0x000000008a000000| Untracked 
|  79|0x000000008a100000, 0x000000008a200000, 0x000000008a200000|100%| O|  |TAMS 0x000000008a100000| PB 0x000000008a100000| Untracked 
|  80|0x000000008a200000, 0x000000008a300000, 0x000000008a300000|100%| O|  |TAMS 0x000000008a200000| PB 0x000000008a200000| Untracked 
|  81|0x000000008a300000, 0x000000008a400000, 0x000000008a400000|100%| O|  |TAMS 0x000000008a300000| PB 0x000000008a300000| Untracked 
|  82|0x000000008a400000, 0x000000008a500000, 0x000000008a500000|100%| O|  |TAMS 0x000000008a400000| PB 0x000000008a400000| Untracked 
|  83|0x000000008a500000, 0x000000008a600000, 0x000000008a600000|100%| O|  |TAMS 0x000000008a500000| PB 0x000000008a500000| Untracked 
|  84|0x000000008a600000, 0x000000008a700000, 0x000000008a700000|100%| O|Cm|TAMS 0x000000008a600000| PB 0x000000008a600000| Complete 
|  85|0x000000008a700000, 0x000000008a800000, 0x000000008a800000|100%| O|  |TAMS 0x000000008a700000| PB 0x000000008a700000| Untracked 
|  86|0x000000008a800000, 0x000000008a900000, 0x000000008a900000|100%| O|  |TAMS 0x000000008a800000| PB 0x000000008a800000| Untracked 
|  87|0x000000008a900000, 0x000000008aa00000, 0x000000008aa00000|100%| O|  |TAMS 0x000000008a900000| PB 0x000000008a900000| Untracked 
|  88|0x000000008aa00000, 0x000000008ab00000, 0x000000008ab00000|100%| O|  |TAMS 0x000000008aa00000| PB 0x000000008aa00000| Untracked 
|  89|0x000000008ab00000, 0x000000008ac00000, 0x000000008ac00000|100%| O|  |TAMS 0x000000008ab00000| PB 0x000000008ab00000| Untracked 
|  90|0x000000008ac00000, 0x000000008ad00000, 0x000000008ad00000|100%|HS|  |TAMS 0x000000008ac00000| PB 0x000000008ac00000| Complete 
|  91|0x000000008ad00000, 0x000000008ae00000, 0x000000008ae00000|100%|HC|  |TAMS 0x000000008ad00000| PB 0x000000008ad00000| Complete 
|  92|0x000000008ae00000, 0x000000008af00000, 0x000000008af00000|100%| O|  |TAMS 0x000000008ae00000| PB 0x000000008ae00000| Untracked 
|  93|0x000000008af00000, 0x000000008b000000, 0x000000008b000000|100%| O|  |TAMS 0x000000008af00000| PB 0x000000008af00000| Untracked 
|  94|0x000000008b000000, 0x000000008b100000, 0x000000008b100000|100%| O|  |TAMS 0x000000008b000000| PB 0x000000008b000000| Untracked 
|  95|0x000000008b100000, 0x000000008b200000, 0x000000008b200000|100%| O|  |TAMS 0x000000008b100000| PB 0x000000008b100000| Untracked 
|  96|0x000000008b200000, 0x000000008b300000, 0x000000008b300000|100%| O|  |TAMS 0x000000008b200000| PB 0x000000008b200000| Untracked 
|  97|0x000000008b300000, 0x000000008b400000, 0x000000008b400000|100%| O|  |TAMS 0x000000008b300000| PB 0x000000008b300000| Untracked 
|  98|0x000000008b400000, 0x000000008b500000, 0x000000008b500000|100%| O|  |TAMS 0x000000008b400000| PB 0x000000008b400000| Untracked 
|  99|0x000000008b500000, 0x000000008b600000, 0x000000008b600000|100%| O|  |TAMS 0x000000008b500000| PB 0x000000008b500000| Untracked 
| 100|0x000000008b600000, 0x000000008b700000, 0x000000008b700000|100%| O|  |TAMS 0x000000008b600000| PB 0x000000008b600000| Untracked 
| 101|0x000000008b700000, 0x000000008b800000, 0x000000008b800000|100%| O|  |TAMS 0x000000008b700000| PB 0x000000008b700000| Untracked 
| 102|0x000000008b800000, 0x000000008b900000, 0x000000008b900000|100%| O|  |TAMS 0x000000008b800000| PB 0x000000008b800000| Untracked 
| 103|0x000000008b900000, 0x000000008ba00000, 0x000000008ba00000|100%| O|  |TAMS 0x000000008b900000| PB 0x000000008b900000| Untracked 
| 104|0x000000008ba00000, 0x000000008bb00000, 0x000000008bb00000|100%| O|  |TAMS 0x000000008ba00000| PB 0x000000008ba00000| Untracked 
| 105|0x000000008bb00000, 0x000000008bc00000, 0x000000008bc00000|100%| O|  |TAMS 0x000000008bb00000| PB 0x000000008bb00000| Untracked 
| 106|0x000000008bc00000, 0x000000008bd00000, 0x000000008bd00000|100%| O|  |TAMS 0x000000008bc00000| PB 0x000000008bc00000| Untracked 
| 107|0x000000008bd00000, 0x000000008be00000, 0x000000008be00000|100%| O|  |TAMS 0x000000008bd00000| PB 0x000000008bd00000| Untracked 
| 108|0x000000008be00000, 0x000000008bf00000, 0x000000008bf00000|100%| O|  |TAMS 0x000000008be00000| PB 0x000000008be00000| Untracked 
| 109|0x000000008bf00000, 0x000000008c000000, 0x000000008c000000|100%| O|  |TAMS 0x000000008bf00000| PB 0x000000008bf00000| Untracked 
| 110|0x000000008c000000, 0x000000008c100000, 0x000000008c100000|100%| O|  |TAMS 0x000000008c000000| PB 0x000000008c000000| Untracked 
| 111|0x000000008c100000, 0x000000008c200000, 0x000000008c200000|100%| O|  |TAMS 0x000000008c100000| PB 0x000000008c100000| Untracked 
| 112|0x000000008c200000, 0x000000008c300000, 0x000000008c300000|100%| O|  |TAMS 0x000000008c200000| PB 0x000000008c200000| Untracked 
| 113|0x000000008c300000, 0x000000008c400000, 0x000000008c400000|100%| O|  |TAMS 0x000000008c300000| PB 0x000000008c300000| Untracked 
| 114|0x000000008c400000, 0x000000008c500000, 0x000000008c500000|100%| O|  |TAMS 0x000000008c400000| PB 0x000000008c400000| Untracked 
| 115|0x000000008c500000, 0x000000008c600000, 0x000000008c600000|100%| O|  |TAMS 0x000000008c500000| PB 0x000000008c500000| Untracked 
| 116|0x000000008c600000, 0x000000008c700000, 0x000000008c700000|100%| O|  |TAMS 0x000000008c600000| PB 0x000000008c600000| Untracked 
| 117|0x000000008c700000, 0x000000008c700000, 0x000000008c800000|  0%| F|  |TAMS 0x000000008c700000| PB 0x000000008c700000| Untracked 
| 118|0x000000008c800000, 0x000000008c900000, 0x000000008c900000|100%| O|  |TAMS 0x000000008c800000| PB 0x000000008c800000| Untracked 
| 119|0x000000008c900000, 0x000000008ca00000, 0x000000008ca00000|100%| O|  |TAMS 0x000000008c900000| PB 0x000000008c900000| Untracked 
| 120|0x000000008ca00000, 0x000000008cb00000, 0x000000008cb00000|100%| O|  |TAMS 0x000000008ca00000| PB 0x000000008ca00000| Untracked 
| 121|0x000000008cb00000, 0x000000008cc00000, 0x000000008cc00000|100%| O|  |TAMS 0x000000008cb00000| PB 0x000000008cb00000| Untracked 
| 122|0x000000008cc00000, 0x000000008cd00000, 0x000000008cd00000|100%| O|  |TAMS 0x000000008cc00000| PB 0x000000008cc00000| Untracked 
| 123|0x000000008cd00000, 0x000000008cd00000, 0x000000008ce00000|  0%| F|  |TAMS 0x000000008cd00000| PB 0x000000008cd00000| Untracked 
| 124|0x000000008ce00000, 0x000000008cf00000, 0x000000008cf00000|100%| O|  |TAMS 0x000000008ce00000| PB 0x000000008ce00000| Untracked 
| 125|0x000000008cf00000, 0x000000008d000000, 0x000000008d000000|100%| O|  |TAMS 0x000000008cf00000| PB 0x000000008cf00000| Untracked 
| 126|0x000000008d000000, 0x000000008d100000, 0x000000008d100000|100%| O|  |TAMS 0x000000008d000000| PB 0x000000008d000000| Untracked 
| 127|0x000000008d100000, 0x000000008d200000, 0x000000008d200000|100%| O|  |TAMS 0x000000008d100000| PB 0x000000008d100000| Untracked 
| 128|0x000000008d200000, 0x000000008d300000, 0x000000008d300000|100%| O|  |TAMS 0x000000008d200000| PB 0x000000008d200000| Untracked 
| 129|0x000000008d300000, 0x000000008d400000, 0x000000008d400000|100%| O|  |TAMS 0x000000008d300000| PB 0x000000008d300000| Untracked 
| 130|0x000000008d400000, 0x000000008d500000, 0x000000008d500000|100%| O|  |TAMS 0x000000008d400000| PB 0x000000008d400000| Untracked 
| 131|0x000000008d500000, 0x000000008d600000, 0x000000008d600000|100%| O|  |TAMS 0x000000008d500000| PB 0x000000008d500000| Untracked 
| 132|0x000000008d600000, 0x000000008d65fa50, 0x000000008d700000| 37%| O|  |TAMS 0x000000008d600000| PB 0x000000008d600000| Untracked 
| 133|0x000000008d700000, 0x000000008d800000, 0x000000008d800000|100%|HS|  |TAMS 0x000000008d700000| PB 0x000000008d700000| Complete 
| 134|0x000000008d800000, 0x000000008d900000, 0x000000008d900000|100%|HC|  |TAMS 0x000000008d800000| PB 0x000000008d800000| Complete 
| 135|0x000000008d900000, 0x000000008d900000, 0x000000008da00000|  0%| F|  |TAMS 0x000000008d900000| PB 0x000000008d900000| Untracked 
| 136|0x000000008da00000, 0x000000008da00000, 0x000000008db00000|  0%| F|  |TAMS 0x000000008da00000| PB 0x000000008da00000| Untracked 
| 137|0x000000008db00000, 0x000000008db00000, 0x000000008dc00000|  0%| F|  |TAMS 0x000000008db00000| PB 0x000000008db00000| Untracked 
| 138|0x000000008dc00000, 0x000000008dc00000, 0x000000008dd00000|  0%| F|  |TAMS 0x000000008dc00000| PB 0x000000008dc00000| Untracked 
| 139|0x000000008dd00000, 0x000000008dd00000, 0x000000008de00000|  0%| F|  |TAMS 0x000000008dd00000| PB 0x000000008dd00000| Untracked 
| 140|0x000000008de00000, 0x000000008de00000, 0x000000008df00000|  0%| F|  |TAMS 0x000000008de00000| PB 0x000000008de00000| Untracked 
| 141|0x000000008df00000, 0x000000008df00000, 0x000000008e000000|  0%| F|  |TAMS 0x000000008df00000| PB 0x000000008df00000| Untracked 
| 142|0x000000008e000000, 0x000000008e000000, 0x000000008e100000|  0%| F|  |TAMS 0x000000008e000000| PB 0x000000008e000000| Untracked 
| 143|0x000000008e100000, 0x000000008e100000, 0x000000008e200000|  0%| F|  |TAMS 0x000000008e100000| PB 0x000000008e100000| Untracked 
| 144|0x000000008e200000, 0x000000008e200000, 0x000000008e300000|  0%| F|  |TAMS 0x000000008e200000| PB 0x000000008e200000| Untracked 
| 145|0x000000008e300000, 0x000000008e300000, 0x000000008e400000|  0%| F|  |TAMS 0x000000008e300000| PB 0x000000008e300000| Untracked 
| 146|0x000000008e400000, 0x000000008e400000, 0x000000008e500000|  0%| F|  |TAMS 0x000000008e400000| PB 0x000000008e400000| Untracked 
| 147|0x000000008e500000, 0x000000008e500000, 0x000000008e600000|  0%| F|  |TAMS 0x000000008e500000| PB 0x000000008e500000| Untracked 
| 148|0x000000008e600000, 0x000000008e600000, 0x000000008e700000|  0%| F|  |TAMS 0x000000008e600000| PB 0x000000008e600000| Untracked 
| 149|0x000000008e700000, 0x000000008e700000, 0x000000008e800000|  0%| F|  |TAMS 0x000000008e700000| PB 0x000000008e700000| Untracked 
| 150|0x000000008e800000, 0x000000008e800000, 0x000000008e900000|  0%| F|  |TAMS 0x000000008e800000| PB 0x000000008e800000| Untracked 
| 151|0x000000008e900000, 0x000000008e900000, 0x000000008ea00000|  0%| F|  |TAMS 0x000000008e900000| PB 0x000000008e900000| Untracked 
| 152|0x000000008ea00000, 0x000000008ea00000, 0x000000008eb00000|  0%| F|  |TAMS 0x000000008ea00000| PB 0x000000008ea00000| Untracked 
| 153|0x000000008eb00000, 0x000000008eb00000, 0x000000008ec00000|  0%| F|  |TAMS 0x000000008eb00000| PB 0x000000008eb00000| Untracked 
| 154|0x000000008ec00000, 0x000000008ec00000, 0x000000008ed00000|  0%| F|  |TAMS 0x000000008ec00000| PB 0x000000008ec00000| Untracked 
| 155|0x000000008ed00000, 0x000000008ed00000, 0x000000008ee00000|  0%| F|  |TAMS 0x000000008ed00000| PB 0x000000008ed00000| Untracked 
| 156|0x000000008ee00000, 0x000000008ee00000, 0x000000008ef00000|  0%| F|  |TAMS 0x000000008ee00000| PB 0x000000008ee00000| Untracked 
| 157|0x000000008ef00000, 0x000000008ef00000, 0x000000008f000000|  0%| F|  |TAMS 0x000000008ef00000| PB 0x000000008ef00000| Untracked 
| 158|0x000000008f000000, 0x000000008f000000, 0x000000008f100000|  0%| F|  |TAMS 0x000000008f000000| PB 0x000000008f000000| Untracked 
| 159|0x000000008f100000, 0x000000008f100000, 0x000000008f200000|  0%| F|  |TAMS 0x000000008f100000| PB 0x000000008f100000| Untracked 
| 160|0x000000008f200000, 0x000000008f200000, 0x000000008f300000|  0%| F|  |TAMS 0x000000008f200000| PB 0x000000008f200000| Untracked 
| 161|0x000000008f300000, 0x000000008f300000, 0x000000008f400000|  0%| F|  |TAMS 0x000000008f300000| PB 0x000000008f300000| Untracked 
| 162|0x000000008f400000, 0x000000008f400000, 0x000000008f500000|  0%| F|  |TAMS 0x000000008f400000| PB 0x000000008f400000| Untracked 
| 163|0x000000008f500000, 0x000000008f500000, 0x000000008f600000|  0%| F|  |TAMS 0x000000008f500000| PB 0x000000008f500000| Untracked 
| 164|0x000000008f600000, 0x000000008f600000, 0x000000008f700000|  0%| F|  |TAMS 0x000000008f600000| PB 0x000000008f600000| Untracked 
| 165|0x000000008f700000, 0x000000008f700000, 0x000000008f800000|  0%| F|  |TAMS 0x000000008f700000| PB 0x000000008f700000| Untracked 
| 166|0x000000008f800000, 0x000000008f800000, 0x000000008f900000|  0%| F|  |TAMS 0x000000008f800000| PB 0x000000008f800000| Untracked 
| 167|0x000000008f900000, 0x000000008f900000, 0x000000008fa00000|  0%| F|  |TAMS 0x000000008f900000| PB 0x000000008f900000| Untracked 
| 168|0x000000008fa00000, 0x000000008fa00000, 0x000000008fb00000|  0%| F|  |TAMS 0x000000008fa00000| PB 0x000000008fa00000| Untracked 
| 169|0x000000008fb00000, 0x000000008fb00000, 0x000000008fc00000|  0%| F|  |TAMS 0x000000008fb00000| PB 0x000000008fb00000| Untracked 
| 170|0x000000008fc00000, 0x000000008fc00000, 0x000000008fd00000|  0%| F|  |TAMS 0x000000008fc00000| PB 0x000000008fc00000| Untracked 
| 171|0x000000008fd00000, 0x000000008fd00000, 0x000000008fe00000|  0%| F|  |TAMS 0x000000008fd00000| PB 0x000000008fd00000| Untracked 
| 172|0x000000008fe00000, 0x000000008fe00000, 0x000000008ff00000|  0%| F|  |TAMS 0x000000008fe00000| PB 0x000000008fe00000| Untracked 
| 173|0x000000008ff00000, 0x000000008ff00000, 0x0000000090000000|  0%| F|  |TAMS 0x000000008ff00000| PB 0x000000008ff00000| Untracked 
| 174|0x0000000090000000, 0x0000000090000000, 0x0000000090100000|  0%| F|  |TAMS 0x0000000090000000| PB 0x0000000090000000| Untracked 
| 175|0x0000000090100000, 0x0000000090100000, 0x0000000090200000|  0%| F|  |TAMS 0x0000000090100000| PB 0x0000000090100000| Untracked 
| 176|0x0000000090200000, 0x0000000090200000, 0x0000000090300000|  0%| F|  |TAMS 0x0000000090200000| PB 0x0000000090200000| Untracked 
| 177|0x0000000090300000, 0x0000000090300000, 0x0000000090400000|  0%| F|  |TAMS 0x0000000090300000| PB 0x0000000090300000| Untracked 
| 178|0x0000000090400000, 0x0000000090400000, 0x0000000090500000|  0%| F|  |TAMS 0x0000000090400000| PB 0x0000000090400000| Untracked 
| 179|0x0000000090500000, 0x0000000090500000, 0x0000000090600000|  0%| F|  |TAMS 0x0000000090500000| PB 0x0000000090500000| Untracked 
| 180|0x0000000090600000, 0x0000000090600000, 0x0000000090700000|  0%| F|  |TAMS 0x0000000090600000| PB 0x0000000090600000| Untracked 
| 181|0x0000000090700000, 0x0000000090700000, 0x0000000090800000|  0%| F|  |TAMS 0x0000000090700000| PB 0x0000000090700000| Untracked 
| 182|0x0000000090800000, 0x0000000090800000, 0x0000000090900000|  0%| F|  |TAMS 0x0000000090800000| PB 0x0000000090800000| Untracked 
| 183|0x0000000090900000, 0x0000000090900000, 0x0000000090a00000|  0%| F|  |TAMS 0x0000000090900000| PB 0x0000000090900000| Untracked 
| 184|0x0000000090a00000, 0x0000000090a00000, 0x0000000090b00000|  0%| F|  |TAMS 0x0000000090a00000| PB 0x0000000090a00000| Untracked 
| 185|0x0000000090b00000, 0x0000000090b00000, 0x0000000090c00000|  0%| F|  |TAMS 0x0000000090b00000| PB 0x0000000090b00000| Untracked 
| 186|0x0000000090c00000, 0x0000000090c00000, 0x0000000090d00000|  0%| F|  |TAMS 0x0000000090c00000| PB 0x0000000090c00000| Untracked 
| 187|0x0000000090d00000, 0x0000000090d00000, 0x0000000090e00000|  0%| F|  |TAMS 0x0000000090d00000| PB 0x0000000090d00000| Untracked 
| 188|0x0000000090e00000, 0x0000000090e00000, 0x0000000090f00000|  0%| F|  |TAMS 0x0000000090e00000| PB 0x0000000090e00000| Untracked 
| 189|0x0000000090f00000, 0x0000000090f00000, 0x0000000091000000|  0%| F|  |TAMS 0x0000000090f00000| PB 0x0000000090f00000| Untracked 
| 190|0x0000000091000000, 0x0000000091000000, 0x0000000091100000|  0%| F|  |TAMS 0x0000000091000000| PB 0x0000000091000000| Untracked 
| 191|0x0000000091100000, 0x0000000091100000, 0x0000000091200000|  0%| F|  |TAMS 0x0000000091100000| PB 0x0000000091100000| Untracked 
| 192|0x0000000091200000, 0x0000000091200000, 0x0000000091300000|  0%| F|  |TAMS 0x0000000091200000| PB 0x0000000091200000| Untracked 
| 193|0x0000000091300000, 0x0000000091300000, 0x0000000091400000|  0%| F|  |TAMS 0x0000000091300000| PB 0x0000000091300000| Untracked 
| 194|0x0000000091400000, 0x0000000091400000, 0x0000000091500000|  0%| F|  |TAMS 0x0000000091400000| PB 0x0000000091400000| Untracked 
| 195|0x0000000091500000, 0x0000000091500000, 0x0000000091600000|  0%| F|  |TAMS 0x0000000091500000| PB 0x0000000091500000| Untracked 
| 196|0x0000000091600000, 0x0000000091600000, 0x0000000091700000|  0%| F|  |TAMS 0x0000000091600000| PB 0x0000000091600000| Untracked 
| 197|0x0000000091700000, 0x0000000091700000, 0x0000000091800000|  0%| F|  |TAMS 0x0000000091700000| PB 0x0000000091700000| Untracked 
| 198|0x0000000091800000, 0x0000000091800000, 0x0000000091900000|  0%| F|  |TAMS 0x0000000091800000| PB 0x0000000091800000| Untracked 
| 199|0x0000000091900000, 0x0000000091900000, 0x0000000091a00000|  0%| F|  |TAMS 0x0000000091900000| PB 0x0000000091900000| Untracked 
| 200|0x0000000091a00000, 0x0000000091a00000, 0x0000000091b00000|  0%| F|  |TAMS 0x0000000091a00000| PB 0x0000000091a00000| Untracked 
| 201|0x0000000091b00000, 0x0000000091b00000, 0x0000000091c00000|  0%| F|  |TAMS 0x0000000091b00000| PB 0x0000000091b00000| Untracked 
| 202|0x0000000091c00000, 0x0000000091c00000, 0x0000000091d00000|  0%| F|  |TAMS 0x0000000091c00000| PB 0x0000000091c00000| Untracked 
| 203|0x0000000091d00000, 0x0000000091d00000, 0x0000000091e00000|  0%| F|  |TAMS 0x0000000091d00000| PB 0x0000000091d00000| Untracked 
| 204|0x0000000091e00000, 0x0000000091e00000, 0x0000000091f00000|  0%| F|  |TAMS 0x0000000091e00000| PB 0x0000000091e00000| Untracked 
| 205|0x0000000091f00000, 0x0000000091f00000, 0x0000000092000000|  0%| F|  |TAMS 0x0000000091f00000| PB 0x0000000091f00000| Untracked 
| 206|0x0000000092000000, 0x0000000092000000, 0x0000000092100000|  0%| F|  |TAMS 0x0000000092000000| PB 0x0000000092000000| Untracked 
| 207|0x0000000092100000, 0x0000000092100000, 0x0000000092200000|  0%| F|  |TAMS 0x0000000092100000| PB 0x0000000092100000| Untracked 
| 208|0x0000000092200000, 0x0000000092200000, 0x0000000092300000|  0%| F|  |TAMS 0x0000000092200000| PB 0x0000000092200000| Untracked 
| 209|0x0000000092300000, 0x0000000092300000, 0x0000000092400000|  0%| F|  |TAMS 0x0000000092300000| PB 0x0000000092300000| Untracked 
| 210|0x0000000092400000, 0x0000000092400000, 0x0000000092500000|  0%| F|  |TAMS 0x0000000092400000| PB 0x0000000092400000| Untracked 
| 211|0x0000000092500000, 0x0000000092500000, 0x0000000092600000|  0%| F|  |TAMS 0x0000000092500000| PB 0x0000000092500000| Untracked 
| 212|0x0000000092600000, 0x0000000092600000, 0x0000000092700000|  0%| F|  |TAMS 0x0000000092600000| PB 0x0000000092600000| Untracked 
| 213|0x0000000092700000, 0x0000000092700000, 0x0000000092800000|  0%| F|  |TAMS 0x0000000092700000| PB 0x0000000092700000| Untracked 
| 214|0x0000000092800000, 0x0000000092800000, 0x0000000092900000|  0%| F|  |TAMS 0x0000000092800000| PB 0x0000000092800000| Untracked 
| 215|0x0000000092900000, 0x0000000092900000, 0x0000000092a00000|  0%| F|  |TAMS 0x0000000092900000| PB 0x0000000092900000| Untracked 
| 216|0x0000000092a00000, 0x0000000092a00000, 0x0000000092b00000|  0%| F|  |TAMS 0x0000000092a00000| PB 0x0000000092a00000| Untracked 
| 217|0x0000000092b00000, 0x0000000092b00000, 0x0000000092c00000|  0%| F|  |TAMS 0x0000000092b00000| PB 0x0000000092b00000| Untracked 
| 218|0x0000000092c00000, 0x0000000092c00000, 0x0000000092d00000|  0%| F|  |TAMS 0x0000000092c00000| PB 0x0000000092c00000| Untracked 
| 219|0x0000000092d00000, 0x0000000092d00000, 0x0000000092e00000|  0%| F|  |TAMS 0x0000000092d00000| PB 0x0000000092d00000| Untracked 
| 220|0x0000000092e00000, 0x0000000092e00000, 0x0000000092f00000|  0%| F|  |TAMS 0x0000000092e00000| PB 0x0000000092e00000| Untracked 
| 221|0x0000000092f00000, 0x0000000092f00000, 0x0000000093000000|  0%| F|  |TAMS 0x0000000092f00000| PB 0x0000000092f00000| Untracked 
| 222|0x0000000093000000, 0x0000000093000000, 0x0000000093100000|  0%| F|  |TAMS 0x0000000093000000| PB 0x0000000093000000| Untracked 
| 223|0x0000000093100000, 0x0000000093100000, 0x0000000093200000|  0%| F|  |TAMS 0x0000000093100000| PB 0x0000000093100000| Untracked 
| 224|0x0000000093200000, 0x0000000093200000, 0x0000000093300000|  0%| F|  |TAMS 0x0000000093200000| PB 0x0000000093200000| Untracked 
| 225|0x0000000093300000, 0x0000000093300000, 0x0000000093400000|  0%| F|  |TAMS 0x0000000093300000| PB 0x0000000093300000| Untracked 
| 226|0x0000000093400000, 0x0000000093400000, 0x0000000093500000|  0%| F|  |TAMS 0x0000000093400000| PB 0x0000000093400000| Untracked 
| 227|0x0000000093500000, 0x0000000093500000, 0x0000000093600000|  0%| F|  |TAMS 0x0000000093500000| PB 0x0000000093500000| Untracked 
| 228|0x0000000093600000, 0x0000000093600000, 0x0000000093700000|  0%| F|  |TAMS 0x0000000093600000| PB 0x0000000093600000| Untracked 
| 229|0x0000000093700000, 0x0000000093700000, 0x0000000093800000|  0%| F|  |TAMS 0x0000000093700000| PB 0x0000000093700000| Untracked 
| 230|0x0000000093800000, 0x0000000093800000, 0x0000000093900000|  0%| F|  |TAMS 0x0000000093800000| PB 0x0000000093800000| Untracked 
| 231|0x0000000093900000, 0x0000000093900000, 0x0000000093a00000|  0%| F|  |TAMS 0x0000000093900000| PB 0x0000000093900000| Untracked 
| 232|0x0000000093a00000, 0x0000000093a00000, 0x0000000093b00000|  0%| F|  |TAMS 0x0000000093a00000| PB 0x0000000093a00000| Untracked 
| 233|0x0000000093b00000, 0x0000000093b00000, 0x0000000093c00000|  0%| F|  |TAMS 0x0000000093b00000| PB 0x0000000093b00000| Untracked 
| 234|0x0000000093c00000, 0x0000000093c00000, 0x0000000093d00000|  0%| F|  |TAMS 0x0000000093c00000| PB 0x0000000093c00000| Untracked 
| 235|0x0000000093d00000, 0x0000000093d00000, 0x0000000093e00000|  0%| F|  |TAMS 0x0000000093d00000| PB 0x0000000093d00000| Untracked 
| 236|0x0000000093e00000, 0x0000000093e00000, 0x0000000093f00000|  0%| F|  |TAMS 0x0000000093e00000| PB 0x0000000093e00000| Untracked 
| 237|0x0000000093f00000, 0x0000000093f00000, 0x0000000094000000|  0%| F|  |TAMS 0x0000000093f00000| PB 0x0000000093f00000| Untracked 
| 238|0x0000000094000000, 0x0000000094000000, 0x0000000094100000|  0%| F|  |TAMS 0x0000000094000000| PB 0x0000000094000000| Untracked 
| 239|0x0000000094100000, 0x0000000094100000, 0x0000000094200000|  0%| F|  |TAMS 0x0000000094100000| PB 0x0000000094100000| Untracked 
| 240|0x0000000094200000, 0x0000000094200000, 0x0000000094300000|  0%| F|  |TAMS 0x0000000094200000| PB 0x0000000094200000| Untracked 
| 241|0x0000000094300000, 0x0000000094300000, 0x0000000094400000|  0%| F|  |TAMS 0x0000000094300000| PB 0x0000000094300000| Untracked 
| 242|0x0000000094400000, 0x0000000094400000, 0x0000000094500000|  0%| F|  |TAMS 0x0000000094400000| PB 0x0000000094400000| Untracked 
| 243|0x0000000094500000, 0x0000000094500000, 0x0000000094600000|  0%| F|  |TAMS 0x0000000094500000| PB 0x0000000094500000| Untracked 
| 244|0x0000000094600000, 0x0000000094600000, 0x0000000094700000|  0%| F|  |TAMS 0x0000000094600000| PB 0x0000000094600000| Untracked 
| 245|0x0000000094700000, 0x0000000094700000, 0x0000000094800000|  0%| F|  |TAMS 0x0000000094700000| PB 0x0000000094700000| Untracked 
| 246|0x0000000094800000, 0x0000000094800000, 0x0000000094900000|  0%| F|  |TAMS 0x0000000094800000| PB 0x0000000094800000| Untracked 
| 247|0x0000000094900000, 0x0000000094900000, 0x0000000094a00000|  0%| F|  |TAMS 0x0000000094900000| PB 0x0000000094900000| Untracked 
| 248|0x0000000094a00000, 0x0000000094a00000, 0x0000000094b00000|  0%| F|  |TAMS 0x0000000094a00000| PB 0x0000000094a00000| Untracked 
| 249|0x0000000094b00000, 0x0000000094b00000, 0x0000000094c00000|  0%| F|  |TAMS 0x0000000094b00000| PB 0x0000000094b00000| Untracked 
| 250|0x0000000094c00000, 0x0000000094c00000, 0x0000000094d00000|  0%| F|  |TAMS 0x0000000094c00000| PB 0x0000000094c00000| Untracked 
| 251|0x0000000094d00000, 0x0000000094d00000, 0x0000000094e00000|  0%| F|  |TAMS 0x0000000094d00000| PB 0x0000000094d00000| Untracked 
| 252|0x0000000094e00000, 0x0000000094e00000, 0x0000000094f00000|  0%| F|  |TAMS 0x0000000094e00000| PB 0x0000000094e00000| Untracked 
| 253|0x0000000094f00000, 0x0000000094f00000, 0x0000000095000000|  0%| F|  |TAMS 0x0000000094f00000| PB 0x0000000094f00000| Untracked 
| 254|0x0000000095000000, 0x0000000095000000, 0x0000000095100000|  0%| F|  |TAMS 0x0000000095000000| PB 0x0000000095000000| Untracked 
| 255|0x0000000095100000, 0x0000000095100000, 0x0000000095200000|  0%| F|  |TAMS 0x0000000095100000| PB 0x0000000095100000| Untracked 
| 256|0x0000000095200000, 0x0000000095200000, 0x0000000095300000|  0%| F|  |TAMS 0x0000000095200000| PB 0x0000000095200000| Untracked 
| 257|0x0000000095300000, 0x0000000095300000, 0x0000000095400000|  0%| F|  |TAMS 0x0000000095300000| PB 0x0000000095300000| Untracked 
| 258|0x0000000095400000, 0x0000000095400000, 0x0000000095500000|  0%| F|  |TAMS 0x0000000095400000| PB 0x0000000095400000| Untracked 
| 259|0x0000000095500000, 0x0000000095500000, 0x0000000095600000|  0%| F|  |TAMS 0x0000000095500000| PB 0x0000000095500000| Untracked 
| 260|0x0000000095600000, 0x0000000095600000, 0x0000000095700000|  0%| F|  |TAMS 0x0000000095600000| PB 0x0000000095600000| Untracked 
| 261|0x0000000095700000, 0x0000000095700000, 0x0000000095800000|  0%| F|  |TAMS 0x0000000095700000| PB 0x0000000095700000| Untracked 
| 262|0x0000000095800000, 0x0000000095800000, 0x0000000095900000|  0%| F|  |TAMS 0x0000000095800000| PB 0x0000000095800000| Untracked 
| 263|0x0000000095900000, 0x0000000095900000, 0x0000000095a00000|  0%| F|  |TAMS 0x0000000095900000| PB 0x0000000095900000| Untracked 
| 264|0x0000000095a00000, 0x0000000095a00000, 0x0000000095b00000|  0%| F|  |TAMS 0x0000000095a00000| PB 0x0000000095a00000| Untracked 
| 265|0x0000000095b00000, 0x0000000095b00000, 0x0000000095c00000|  0%| F|  |TAMS 0x0000000095b00000| PB 0x0000000095b00000| Untracked 
| 266|0x0000000095c00000, 0x0000000095c00000, 0x0000000095d00000|  0%| F|  |TAMS 0x0000000095c00000| PB 0x0000000095c00000| Untracked 
| 267|0x0000000095d00000, 0x0000000095d00000, 0x0000000095e00000|  0%| F|  |TAMS 0x0000000095d00000| PB 0x0000000095d00000| Untracked 
| 268|0x0000000095e00000, 0x0000000095e00000, 0x0000000095f00000|  0%| F|  |TAMS 0x0000000095e00000| PB 0x0000000095e00000| Untracked 
| 269|0x0000000095f00000, 0x0000000095f00000, 0x0000000096000000|  0%| F|  |TAMS 0x0000000095f00000| PB 0x0000000095f00000| Untracked 
| 270|0x0000000096000000, 0x0000000096000000, 0x0000000096100000|  0%| F|  |TAMS 0x0000000096000000| PB 0x0000000096000000| Untracked 
| 271|0x0000000096100000, 0x0000000096100000, 0x0000000096200000|  0%| F|  |TAMS 0x0000000096100000| PB 0x0000000096100000| Untracked 
| 272|0x0000000096200000, 0x0000000096200000, 0x0000000096300000|  0%| F|  |TAMS 0x0000000096200000| PB 0x0000000096200000| Untracked 
| 273|0x0000000096300000, 0x0000000096300000, 0x0000000096400000|  0%| F|  |TAMS 0x0000000096300000| PB 0x0000000096300000| Untracked 
| 274|0x0000000096400000, 0x0000000096400000, 0x0000000096500000|  0%| F|  |TAMS 0x0000000096400000| PB 0x0000000096400000| Untracked 
| 275|0x0000000096500000, 0x0000000096500000, 0x0000000096600000|  0%| F|  |TAMS 0x0000000096500000| PB 0x0000000096500000| Untracked 
| 276|0x0000000096600000, 0x0000000096600000, 0x0000000096700000|  0%| F|  |TAMS 0x0000000096600000| PB 0x0000000096600000| Untracked 
| 277|0x0000000096700000, 0x0000000096700000, 0x0000000096800000|  0%| F|  |TAMS 0x0000000096700000| PB 0x0000000096700000| Untracked 
| 278|0x0000000096800000, 0x0000000096800000, 0x0000000096900000|  0%| F|  |TAMS 0x0000000096800000| PB 0x0000000096800000| Untracked 
| 279|0x0000000096900000, 0x0000000096900000, 0x0000000096a00000|  0%| F|  |TAMS 0x0000000096900000| PB 0x0000000096900000| Untracked 
| 280|0x0000000096a00000, 0x0000000096a00000, 0x0000000096b00000|  0%| F|  |TAMS 0x0000000096a00000| PB 0x0000000096a00000| Untracked 
| 281|0x0000000096b00000, 0x0000000096b00000, 0x0000000096c00000|  0%| F|  |TAMS 0x0000000096b00000| PB 0x0000000096b00000| Untracked 
| 282|0x0000000096c00000, 0x0000000096c00000, 0x0000000096d00000|  0%| F|  |TAMS 0x0000000096c00000| PB 0x0000000096c00000| Untracked 
| 283|0x0000000096d00000, 0x0000000096d00000, 0x0000000096e00000|  0%| F|  |TAMS 0x0000000096d00000| PB 0x0000000096d00000| Untracked 
| 284|0x0000000096e00000, 0x0000000096e00000, 0x0000000096f00000|  0%| F|  |TAMS 0x0000000096e00000| PB 0x0000000096e00000| Untracked 
| 285|0x0000000096f00000, 0x0000000096f00000, 0x0000000097000000|  0%| F|  |TAMS 0x0000000096f00000| PB 0x0000000096f00000| Untracked 
| 286|0x0000000097000000, 0x0000000097000000, 0x0000000097100000|  0%| F|  |TAMS 0x0000000097000000| PB 0x0000000097000000| Untracked 
| 287|0x0000000097100000, 0x0000000097100000, 0x0000000097200000|  0%| F|  |TAMS 0x0000000097100000| PB 0x0000000097100000| Untracked 
| 288|0x0000000097200000, 0x0000000097200000, 0x0000000097300000|  0%| F|  |TAMS 0x0000000097200000| PB 0x0000000097200000| Untracked 
| 289|0x0000000097300000, 0x0000000097300000, 0x0000000097400000|  0%| F|  |TAMS 0x0000000097300000| PB 0x0000000097300000| Untracked 
| 290|0x0000000097400000, 0x0000000097400000, 0x0000000097500000|  0%| F|  |TAMS 0x0000000097400000| PB 0x0000000097400000| Untracked 
| 291|0x0000000097500000, 0x0000000097500000, 0x0000000097600000|  0%| F|  |TAMS 0x0000000097500000| PB 0x0000000097500000| Untracked 
| 292|0x0000000097600000, 0x0000000097600000, 0x0000000097700000|  0%| F|  |TAMS 0x0000000097600000| PB 0x0000000097600000| Untracked 
| 293|0x0000000097700000, 0x0000000097700000, 0x0000000097800000|  0%| F|  |TAMS 0x0000000097700000| PB 0x0000000097700000| Untracked 
| 294|0x0000000097800000, 0x0000000097800000, 0x0000000097900000|  0%| F|  |TAMS 0x0000000097800000| PB 0x0000000097800000| Untracked 
| 295|0x0000000097900000, 0x0000000097900000, 0x0000000097a00000|  0%| F|  |TAMS 0x0000000097900000| PB 0x0000000097900000| Untracked 
| 296|0x0000000097a00000, 0x0000000097a00000, 0x0000000097b00000|  0%| F|  |TAMS 0x0000000097a00000| PB 0x0000000097a00000| Untracked 
| 297|0x0000000097b00000, 0x0000000097b00000, 0x0000000097c00000|  0%| F|  |TAMS 0x0000000097b00000| PB 0x0000000097b00000| Untracked 
| 298|0x0000000097c00000, 0x0000000097c00000, 0x0000000097d00000|  0%| F|  |TAMS 0x0000000097c00000| PB 0x0000000097c00000| Untracked 
| 299|0x0000000097d00000, 0x0000000097df8718, 0x0000000097e00000| 97%| S|CS|TAMS 0x0000000097d00000| PB 0x0000000097d00000| Complete 
| 300|0x0000000097e00000, 0x0000000097f00000, 0x0000000097f00000|100%| S|CS|TAMS 0x0000000097e00000| PB 0x0000000097e00000| Complete 
| 301|0x0000000097f00000, 0x0000000098000000, 0x0000000098000000|100%| S|CS|TAMS 0x0000000097f00000| PB 0x0000000097f00000| Complete 
| 302|0x0000000098000000, 0x0000000098100000, 0x0000000098100000|100%| S|CS|TAMS 0x0000000098000000| PB 0x0000000098000000| Complete 
| 303|0x0000000098100000, 0x0000000098200000, 0x0000000098200000|100%| S|CS|TAMS 0x0000000098100000| PB 0x0000000098100000| Complete 
| 304|0x0000000098200000, 0x0000000098300000, 0x0000000098300000|100%| S|CS|TAMS 0x0000000098200000| PB 0x0000000098200000| Complete 
| 305|0x0000000098300000, 0x0000000098400000, 0x0000000098400000|100%| S|CS|TAMS 0x0000000098300000| PB 0x0000000098300000| Complete 
| 306|0x0000000098400000, 0x0000000098500000, 0x0000000098500000|100%| S|CS|TAMS 0x0000000098400000| PB 0x0000000098400000| Complete 
| 307|0x0000000098500000, 0x0000000098600000, 0x0000000098600000|100%| S|CS|TAMS 0x0000000098500000| PB 0x0000000098500000| Complete 
| 308|0x0000000098600000, 0x0000000098700000, 0x0000000098700000|100%| S|CS|TAMS 0x0000000098600000| PB 0x0000000098600000| Complete 
| 309|0x0000000098700000, 0x0000000098800000, 0x0000000098800000|100%| S|CS|TAMS 0x0000000098700000| PB 0x0000000098700000| Complete 
| 310|0x0000000098800000, 0x0000000098900000, 0x0000000098900000|100%| S|CS|TAMS 0x0000000098800000| PB 0x0000000098800000| Complete 
| 311|0x0000000098900000, 0x0000000098a00000, 0x0000000098a00000|100%| S|CS|TAMS 0x0000000098900000| PB 0x0000000098900000| Complete 
| 312|0x0000000098a00000, 0x0000000098b00000, 0x0000000098b00000|100%| S|CS|TAMS 0x0000000098a00000| PB 0x0000000098a00000| Complete 
| 313|0x0000000098b00000, 0x0000000098c00000, 0x0000000098c00000|100%| S|CS|TAMS 0x0000000098b00000| PB 0x0000000098b00000| Complete 
| 314|0x0000000098c00000, 0x0000000098d00000, 0x0000000098d00000|100%| S|CS|TAMS 0x0000000098c00000| PB 0x0000000098c00000| Complete 
| 315|0x0000000098d00000, 0x0000000098e00000, 0x0000000098e00000|100%| S|CS|TAMS 0x0000000098d00000| PB 0x0000000098d00000| Complete 
| 316|0x0000000098e00000, 0x0000000098f00000, 0x0000000098f00000|100%| S|CS|TAMS 0x0000000098e00000| PB 0x0000000098e00000| Complete 
| 317|0x0000000098f00000, 0x0000000098f00000, 0x0000000099000000|  0%| F|  |TAMS 0x0000000098f00000| PB 0x0000000098f00000| Untracked 
| 318|0x0000000099000000, 0x0000000099000000, 0x0000000099100000|  0%| F|  |TAMS 0x0000000099000000| PB 0x0000000099000000| Untracked 
| 319|0x0000000099100000, 0x0000000099100000, 0x0000000099200000|  0%| F|  |TAMS 0x0000000099100000| PB 0x0000000099100000| Untracked 
| 320|0x0000000099200000, 0x0000000099200000, 0x0000000099300000|  0%| F|  |TAMS 0x0000000099200000| PB 0x0000000099200000| Untracked 
| 321|0x0000000099300000, 0x0000000099300000, 0x0000000099400000|  0%| F|  |TAMS 0x0000000099300000| PB 0x0000000099300000| Untracked 
| 322|0x0000000099400000, 0x0000000099400000, 0x0000000099500000|  0%| F|  |TAMS 0x0000000099400000| PB 0x0000000099400000| Untracked 
| 323|0x0000000099500000, 0x0000000099500000, 0x0000000099600000|  0%| F|  |TAMS 0x0000000099500000| PB 0x0000000099500000| Untracked 
| 324|0x0000000099600000, 0x0000000099600000, 0x0000000099700000|  0%| F|  |TAMS 0x0000000099600000| PB 0x0000000099600000| Untracked 
| 325|0x0000000099700000, 0x0000000099700000, 0x0000000099800000|  0%| F|  |TAMS 0x0000000099700000| PB 0x0000000099700000| Untracked 
| 326|0x0000000099800000, 0x0000000099800000, 0x0000000099900000|  0%| F|  |TAMS 0x0000000099800000| PB 0x0000000099800000| Untracked 
| 327|0x0000000099900000, 0x0000000099900000, 0x0000000099a00000|  0%| F|  |TAMS 0x0000000099900000| PB 0x0000000099900000| Untracked 
| 328|0x0000000099a00000, 0x0000000099a00000, 0x0000000099b00000|  0%| F|  |TAMS 0x0000000099a00000| PB 0x0000000099a00000| Untracked 
| 329|0x0000000099b00000, 0x0000000099b00000, 0x0000000099c00000|  0%| F|  |TAMS 0x0000000099b00000| PB 0x0000000099b00000| Untracked 
| 330|0x0000000099c00000, 0x0000000099c00000, 0x0000000099d00000|  0%| F|  |TAMS 0x0000000099c00000| PB 0x0000000099c00000| Untracked 
| 331|0x0000000099d00000, 0x0000000099d00000, 0x0000000099e00000|  0%| F|  |TAMS 0x0000000099d00000| PB 0x0000000099d00000| Untracked 
| 332|0x0000000099e00000, 0x0000000099e00000, 0x0000000099f00000|  0%| F|  |TAMS 0x0000000099e00000| PB 0x0000000099e00000| Untracked 
| 333|0x0000000099f00000, 0x0000000099f00000, 0x000000009a000000|  0%| F|  |TAMS 0x0000000099f00000| PB 0x0000000099f00000| Untracked 
| 334|0x000000009a000000, 0x000000009a000000, 0x000000009a100000|  0%| F|  |TAMS 0x000000009a000000| PB 0x000000009a000000| Untracked 
| 335|0x000000009a100000, 0x000000009a100000, 0x000000009a200000|  0%| F|  |TAMS 0x000000009a100000| PB 0x000000009a100000| Untracked 
| 336|0x000000009a200000, 0x000000009a200000, 0x000000009a300000|  0%| F|  |TAMS 0x000000009a200000| PB 0x000000009a200000| Untracked 
| 337|0x000000009a300000, 0x000000009a300000, 0x000000009a400000|  0%| F|  |TAMS 0x000000009a300000| PB 0x000000009a300000| Untracked 
| 338|0x000000009a400000, 0x000000009a400000, 0x000000009a500000|  0%| F|  |TAMS 0x000000009a400000| PB 0x000000009a400000| Untracked 
| 339|0x000000009a500000, 0x000000009a500000, 0x000000009a600000|  0%| F|  |TAMS 0x000000009a500000| PB 0x000000009a500000| Untracked 
| 340|0x000000009a600000, 0x000000009a600000, 0x000000009a700000|  0%| F|  |TAMS 0x000000009a600000| PB 0x000000009a600000| Untracked 
| 341|0x000000009a700000, 0x000000009a700000, 0x000000009a800000|  0%| F|  |TAMS 0x000000009a700000| PB 0x000000009a700000| Untracked 
| 342|0x000000009a800000, 0x000000009a800000, 0x000000009a900000|  0%| F|  |TAMS 0x000000009a800000| PB 0x000000009a800000| Untracked 
| 343|0x000000009a900000, 0x000000009a900000, 0x000000009aa00000|  0%| F|  |TAMS 0x000000009a900000| PB 0x000000009a900000| Untracked 
| 344|0x000000009aa00000, 0x000000009aa00000, 0x000000009ab00000|  0%| F|  |TAMS 0x000000009aa00000| PB 0x000000009aa00000| Untracked 
| 345|0x000000009ab00000, 0x000000009ab80000, 0x000000009ac00000| 50%| E|  |TAMS 0x000000009ab00000| PB 0x000000009ab00000| Complete 
| 346|0x000000009ac00000, 0x000000009ad00000, 0x000000009ad00000|100%| E|CS|TAMS 0x000000009ac00000| PB 0x000000009ac00000| Complete 
| 347|0x000000009ad00000, 0x000000009ae00000, 0x000000009ae00000|100%| E|CS|TAMS 0x000000009ad00000| PB 0x000000009ad00000| Complete 
| 348|0x000000009ae00000, 0x000000009af00000, 0x000000009af00000|100%| E|CS|TAMS 0x000000009ae00000| PB 0x000000009ae00000| Complete 
| 349|0x000000009af00000, 0x000000009b000000, 0x000000009b000000|100%| E|CS|TAMS 0x000000009af00000| PB 0x000000009af00000| Complete 
| 350|0x000000009b000000, 0x000000009b100000, 0x000000009b100000|100%| E|CS|TAMS 0x000000009b000000| PB 0x000000009b000000| Complete 
| 351|0x000000009b100000, 0x000000009b200000, 0x000000009b200000|100%| E|CS|TAMS 0x000000009b100000| PB 0x000000009b100000| Complete 
| 352|0x000000009b200000, 0x000000009b300000, 0x000000009b300000|100%| E|CS|TAMS 0x000000009b200000| PB 0x000000009b200000| Complete 
| 353|0x000000009b300000, 0x000000009b400000, 0x000000009b400000|100%| E|CS|TAMS 0x000000009b300000| PB 0x000000009b300000| Complete 
| 354|0x000000009b400000, 0x000000009b500000, 0x000000009b500000|100%| E|CS|TAMS 0x000000009b400000| PB 0x000000009b400000| Complete 
| 355|0x000000009b500000, 0x000000009b600000, 0x000000009b600000|100%| E|CS|TAMS 0x000000009b500000| PB 0x000000009b500000| Complete 
| 356|0x000000009b600000, 0x000000009b700000, 0x000000009b700000|100%| E|CS|TAMS 0x000000009b600000| PB 0x000000009b600000| Complete 
| 357|0x000000009b700000, 0x000000009b800000, 0x000000009b800000|100%| E|CS|TAMS 0x000000009b700000| PB 0x000000009b700000| Complete 
| 358|0x000000009b800000, 0x000000009b900000, 0x000000009b900000|100%| E|CS|TAMS 0x000000009b800000| PB 0x000000009b800000| Complete 
| 359|0x000000009b900000, 0x000000009ba00000, 0x000000009ba00000|100%| E|CS|TAMS 0x000000009b900000| PB 0x000000009b900000| Complete 
| 360|0x000000009ba00000, 0x000000009bb00000, 0x000000009bb00000|100%| E|CS|TAMS 0x000000009ba00000| PB 0x000000009ba00000| Complete 
| 361|0x000000009bb00000, 0x000000009bc00000, 0x000000009bc00000|100%| E|CS|TAMS 0x000000009bb00000| PB 0x000000009bb00000| Complete 
| 362|0x000000009bc00000, 0x000000009bd00000, 0x000000009bd00000|100%| E|CS|TAMS 0x000000009bc00000| PB 0x000000009bc00000| Complete 
| 363|0x000000009bd00000, 0x000000009be00000, 0x000000009be00000|100%| E|CS|TAMS 0x000000009bd00000| PB 0x000000009bd00000| Complete 
| 364|0x000000009be00000, 0x000000009bf00000, 0x000000009bf00000|100%| E|CS|TAMS 0x000000009be00000| PB 0x000000009be00000| Complete 
| 365|0x000000009bf00000, 0x000000009c000000, 0x000000009c000000|100%| E|CS|TAMS 0x000000009bf00000| PB 0x000000009bf00000| Complete 
| 366|0x000000009c000000, 0x000000009c100000, 0x000000009c100000|100%| E|CS|TAMS 0x000000009c000000| PB 0x000000009c000000| Complete 
| 367|0x000000009c100000, 0x000000009c200000, 0x000000009c200000|100%| E|CS|TAMS 0x000000009c100000| PB 0x000000009c100000| Complete 
| 368|0x000000009c200000, 0x000000009c300000, 0x000000009c300000|100%| E|CS|TAMS 0x000000009c200000| PB 0x000000009c200000| Complete 
| 369|0x000000009c300000, 0x000000009c400000, 0x000000009c400000|100%| E|CS|TAMS 0x000000009c300000| PB 0x000000009c300000| Complete 
| 370|0x000000009c400000, 0x000000009c500000, 0x000000009c500000|100%| E|CS|TAMS 0x000000009c400000| PB 0x000000009c400000| Complete 
| 371|0x000000009c500000, 0x000000009c600000, 0x000000009c600000|100%| E|CS|TAMS 0x000000009c500000| PB 0x000000009c500000| Complete 
| 372|0x000000009c600000, 0x000000009c700000, 0x000000009c700000|100%| E|CS|TAMS 0x000000009c600000| PB 0x000000009c600000| Complete 
| 373|0x000000009c700000, 0x000000009c800000, 0x000000009c800000|100%| E|CS|TAMS 0x000000009c700000| PB 0x000000009c700000| Complete 
| 374|0x000000009c800000, 0x000000009c900000, 0x000000009c900000|100%| E|CS|TAMS 0x000000009c800000| PB 0x000000009c800000| Complete 
| 375|0x000000009c900000, 0x000000009ca00000, 0x000000009ca00000|100%| E|CS|TAMS 0x000000009c900000| PB 0x000000009c900000| Complete 
| 376|0x000000009ca00000, 0x000000009cb00000, 0x000000009cb00000|100%| E|CS|TAMS 0x000000009ca00000| PB 0x000000009ca00000| Complete 
| 377|0x000000009cb00000, 0x000000009cc00000, 0x000000009cc00000|100%| E|CS|TAMS 0x000000009cb00000| PB 0x000000009cb00000| Complete 
| 378|0x000000009cc00000, 0x000000009cd00000, 0x000000009cd00000|100%| E|CS|TAMS 0x000000009cc00000| PB 0x000000009cc00000| Complete 
| 379|0x000000009cd00000, 0x000000009ce00000, 0x000000009ce00000|100%| E|CS|TAMS 0x000000009cd00000| PB 0x000000009cd00000| Complete 
| 380|0x000000009ce00000, 0x000000009cf00000, 0x000000009cf00000|100%| E|CS|TAMS 0x000000009ce00000| PB 0x000000009ce00000| Complete 
| 381|0x000000009cf00000, 0x000000009d000000, 0x000000009d000000|100%| E|CS|TAMS 0x000000009cf00000| PB 0x000000009cf00000| Complete 
| 382|0x000000009d000000, 0x000000009d100000, 0x000000009d100000|100%| E|CS|TAMS 0x000000009d000000| PB 0x000000009d000000| Complete 
|1945|0x00000000feb00000, 0x00000000fec00000, 0x00000000fec00000|100%| E|  |TAMS 0x00000000feb00000| PB 0x00000000feb00000| Complete 
|1946|0x00000000fec00000, 0x00000000fed00000, 0x00000000fed00000|100%| E|CS|TAMS 0x00000000fec00000| PB 0x00000000fec00000| Complete 
|1947|0x00000000fed00000, 0x00000000fee00000, 0x00000000fee00000|100%| E|CS|TAMS 0x00000000fed00000| PB 0x00000000fed00000| Complete 
|1948|0x00000000fee00000, 0x00000000fef00000, 0x00000000fef00000|100%| O|Cm|TAMS 0x00000000fee00000| PB 0x00000000fee00000| Complete 
|1949|0x00000000fef00000, 0x00000000ff000000, 0x00000000ff000000|100%| E|CS|TAMS 0x00000000fef00000| PB 0x00000000fef00000| Complete 
|1950|0x00000000ff000000, 0x00000000ff100000, 0x00000000ff100000|100%| E|CS|TAMS 0x00000000ff000000| PB 0x00000000ff000000| Complete 
|1951|0x00000000ff100000, 0x00000000ff200000, 0x00000000ff200000|100%| E|CS|TAMS 0x00000000ff100000| PB 0x00000000ff100000| Complete 
|1952|0x00000000ff200000, 0x00000000ff300000, 0x00000000ff300000|100%| E|CS|TAMS 0x00000000ff200000| PB 0x00000000ff200000| Complete 
|1953|0x00000000ff300000, 0x00000000ff400000, 0x00000000ff400000|100%| E|CS|TAMS 0x00000000ff300000| PB 0x00000000ff300000| Complete 
|1954|0x00000000ff400000, 0x00000000ff500000, 0x00000000ff500000|100%| E|CS|TAMS 0x00000000ff400000| PB 0x00000000ff400000| Complete 
|1955|0x00000000ff500000, 0x00000000ff600000, 0x00000000ff600000|100%| O|  |TAMS 0x00000000ff500000| PB 0x00000000ff500000| Untracked 
|1956|0x00000000ff600000, 0x00000000ff700000, 0x00000000ff700000|100%| O|  |TAMS 0x00000000ff600000| PB 0x00000000ff600000| Untracked 
|1957|0x00000000ff700000, 0x00000000ff800000, 0x00000000ff800000|100%| O|  |TAMS 0x00000000ff700000| PB 0x00000000ff700000| Untracked 
|1958|0x00000000ff800000, 0x00000000ff900000, 0x00000000ff900000|100%| O|  |TAMS 0x00000000ff800000| PB 0x00000000ff800000| Untracked 
|1959|0x00000000ff900000, 0x00000000ffa00000, 0x00000000ffa00000|100%| O|  |TAMS 0x00000000ff900000| PB 0x00000000ff900000| Untracked 
|1960|0x00000000ffa00000, 0x00000000ffb00000, 0x00000000ffb00000|100%| O|  |TAMS 0x00000000ffa00000| PB 0x00000000ffa00000| Untracked 
|1961|0x00000000ffb00000, 0x00000000ffc00000, 0x00000000ffc00000|100%| O|  |TAMS 0x00000000ffb00000| PB 0x00000000ffb00000| Untracked 
|1962|0x00000000ffc00000, 0x00000000ffd00000, 0x00000000ffd00000|100%| O|  |TAMS 0x00000000ffc00000| PB 0x00000000ffc00000| Untracked 
|1963|0x00000000ffd00000, 0x00000000ffe00000, 0x00000000ffe00000|100%| O|  |TAMS 0x00000000ffd00000| PB 0x00000000ffd00000| Untracked 
|1964|0x00000000ffe00000, 0x00000000fff00000, 0x00000000fff00000|100%| O|  |TAMS 0x00000000ffe00000| PB 0x00000000ffe00000| Untracked 
|1965|0x00000000fff00000, 0x0000000100000000, 0x0000000100000000|100%| O|  |TAMS 0x00000000fff00000| PB 0x00000000fff00000| Untracked 

Card table byte_map: [0x0000019ef5290000,0x0000019ef5670000] _byte_map_base: 0x0000019ef4e67000

Marking Bits: (CMBitMap*) 0x0000019edd290760
 Bits: [0x0000019ef5670000, 0x0000019ef7528000)

Polling page: 0x0000019edb280000

Metaspace:

Usage:
  Non-class:     38.14 MB used.
      Class:      4.67 MB used.
       Both:     42.81 MB used.

Virtual space:
  Non-class space:       64.00 MB reserved,      38.56 MB ( 60%) committed,  1 nodes.
      Class space:        1.00 GB reserved,       5.00 MB ( <1%) committed,  1 nodes.
             Both:        1.06 GB reserved,      43.56 MB (  4%) committed. 

Chunk freelists:
   Non-Class:  9.04 MB
       Class:  10.98 MB
        Both:  20.03 MB

MaxMetaspaceSize: unlimited
CompressedClassSpaceSize: 1.00 GB
Initial GC threshold: 21.00 MB
Current GC threshold: 72.50 MB
CDS: on
 - commit_granule_bytes: 65536.
 - commit_granule_words: 8192.
 - virtual_space_node_default_size: 8388608.
 - enlarge_chunks_in_place: 1.
 - use_allocation_guard: 0.


Internal statistics:

num_allocs_failed_limit: 5.
num_arena_births: 904.
num_arena_deaths: 0.
num_vsnodes_births: 2.
num_vsnodes_deaths: 0.
num_space_committed: 696.
num_space_uncommitted: 0.
num_chunks_returned_to_freelist: 5.
num_chunks_taken_from_freelist: 2789.
num_chunk_merges: 0.
num_chunk_splits: 1822.
num_chunks_enlarged: 1213.
num_inconsistent_stats: 0.

CodeHeap 'non-profiled nmethods': size=120000Kb used=11431Kb max_used=12202Kb free=108568Kb
 bounds [0x0000019eed430000, 0x0000019eee020000, 0x0000019ef4960000]
CodeHeap 'profiled nmethods': size=120000Kb used=28748Kb max_used=30336Kb free=91251Kb
 bounds [0x0000019ee5960000, 0x0000019ee7710000, 0x0000019eece90000]
CodeHeap 'non-nmethods': size=5760Kb used=1443Kb max_used=1499Kb free=4316Kb
 bounds [0x0000019eece90000, 0x0000019eed100000, 0x0000019eed430000]
CodeCache: size=245760Kb, used=41622Kb, max_used=44037Kb, free=204135Kb
 total_blobs=13590, nmethods=12996, adapters=497, full_count=0
Compilation: enabled, stopped_count=0, restarted_count=0

Compilation events (20 events):
Event: 103.491 Thread 0x0000019ef9b64ca0 17516       3       com.sun.tools.javac.comp.Modules$$Lambda/0x0000019e812d0458::test (8 bytes)
Event: 103.492 Thread 0x0000019ef9b64ca0 nmethod 17516 0x0000019ee60edc10 code [0x0000019ee60eddc0, 0x0000019ee60ee088]
Event: 103.492 Thread 0x0000019ef9b64ca0 17517       3       com.sun.tools.javac.comp.Modules::lambda$static$18 (19 bytes)
Event: 103.492 Thread 0x0000019ef9b64ca0 nmethod 17517 0x0000019ee5d31610 code [0x0000019ee5d317a0, 0x0000019ee5d318f8]
Event: 103.492 Thread 0x0000019ef9b64ca0 17518       3       com.sun.tools.javac.comp.Modules$$Lambda/0x0000019e8132a4a0::test (8 bytes)
Event: 103.493 Thread 0x0000019ef9b64ca0 nmethod 17518 0x0000019ee607ad90 code [0x0000019ee607af60, 0x0000019ee607b298]
Event: 103.493 Thread 0x0000019ef9b64ca0 17519       3       com.sun.tools.javac.comp.Modules::lambda$setupAllModules$14 (13 bytes)
Event: 103.493 Thread 0x0000019ef9b64ca0 nmethod 17519 0x0000019ee6028d10 code [0x0000019ee6028ec0, 0x0000019ee6029090]
Event: 103.495 Thread 0x0000019ef9b63cf0 nmethod 17497 0x0000019eedc0a890 code [0x0000019eedc0aa80, 0x0000019eedc0b0e0]
Event: 103.495 Thread 0x0000019ef9b63cf0 17506       4       com.sun.tools.javac.util.ByteBuffer::getByte (13 bytes)
Event: 103.498 Thread 0x0000019ef9b63cf0 nmethod 17506 0x0000019eed448510 code [0x0000019eed4486a0, 0x0000019eed4487e8]
Event: 103.498 Thread 0x0000019ef9b63cf0 17481       4       com.sun.tools.javac.code.Symbol::flatName (5 bytes)
Event: 103.499 Thread 0x0000019ef9b63cf0 nmethod 17481 0x0000019eeddbb610 code [0x0000019eeddbb7a0, 0x0000019eeddbb860]
Event: 103.499 Thread 0x0000019ef9b63cf0 17493   !   4       com.sun.tools.javac.parser.JavacParser::literal (693 bytes)
Event: 103.591 Thread 0x0000019ef9b63cf0 nmethod 17493 0x0000019eedcd6990 code [0x0000019eedcd6e40, 0x0000019eedcd8ce8]
Event: 103.592 Thread 0x0000019ef9b63cf0 17522   !   4       java.nio.file.FileTreeWalker::visit (204 bytes)
Event: 103.708 Thread 0x0000019ef9b64ca0 17524       3       java.util.Collections$SingletonMap::get (20 bytes)
Event: 103.709 Thread 0x0000019ef9b64ca0 nmethod 17524 0x0000019ee615e010 code [0x0000019ee615e1e0, 0x0000019ee615e540]
Event: 103.934 Thread 0x0000019ef9b64ca0 17527   !   3       com.sun.tools.javac.file.JavacFileManager$ArchiveContainer::<init> (210 bytes)
Event: 103.939 Thread 0x0000019ef9b64ca0 nmethod 17527 0x0000019ee67bef90 code [0x0000019ee67bf420, 0x0000019ee67c1590]

GC Heap History (20 events):
Event: 65.272 GC heap before
{Heap before GC invocations=40 (full 0):
 garbage-first heap   total 346112K, used 320655K [0x0000000085200000, 0x0000000100000000)
  region size 1024K, 173 young (177152K), 19 survivors (19456K)
 Metaspace       used 40279K, committed 40960K, reserved 1114112K
  class space    used 4458K, committed 4800K, reserved 1048576K
}
Event: 65.286 GC heap after
{Heap after GC invocations=41 (full 0):
 garbage-first heap   total 346112K, used 151393K [0x0000000085200000, 0x0000000100000000)
  region size 1024K, 3 young (3072K), 3 survivors (3072K)
 Metaspace       used 40279K, committed 40960K, reserved 1114112K
  class space    used 4458K, committed 4800K, reserved 1048576K
}
Event: 66.948 GC heap before
{Heap before GC invocations=42 (full 0):
 garbage-first heap   total 346112K, used 324449K [0x0000000085200000, 0x0000000100000000)
  region size 1024K, 172 young (176128K), 3 survivors (3072K)
 Metaspace       used 40282K, committed 40960K, reserved 1114112K
  class space    used 4458K, committed 4800K, reserved 1048576K
}
Event: 66.999 GC heap after
{Heap after GC invocations=43 (full 0):
 garbage-first heap   total 346112K, used 166686K [0x0000000085200000, 0x0000000100000000)
  region size 1024K, 18 young (18432K), 18 survivors (18432K)
 Metaspace       used 40282K, committed 40960K, reserved 1114112K
  class space    used 4458K, committed 4800K, reserved 1048576K
}
Event: 68.378 GC heap before
{Heap before GC invocations=43 (full 0):
 garbage-first heap   total 346112K, used 319262K [0x0000000085200000, 0x0000000100000000)
  region size 1024K, 167 young (171008K), 18 survivors (18432K)
 Metaspace       used 40306K, committed 40960K, reserved 1114112K
  class space    used 4458K, committed 4800K, reserved 1048576K
}
Event: 68.406 GC heap after
{Heap after GC invocations=44 (full 0):
 garbage-first heap   total 346112K, used 148568K [0x0000000085200000, 0x0000000100000000)
  region size 1024K, 8 young (8192K), 8 survivors (8192K)
 Metaspace       used 40306K, committed 40960K, reserved 1114112K
  class space    used 4458K, committed 4800K, reserved 1048576K
}
Event: 70.545 GC heap before
{Heap before GC invocations=44 (full 0):
 garbage-first heap   total 346112K, used 314456K [0x0000000085200000, 0x0000000100000000)
  region size 1024K, 170 young (174080K), 8 survivors (8192K)
 Metaspace       used 40311K, committed 40960K, reserved 1114112K
  class space    used 4458K, committed 4800K, reserved 1048576K
}
Event: 70.584 GC heap after
{Heap after GC invocations=45 (full 0):
 garbage-first heap   total 346112K, used 159546K [0x0000000085200000, 0x0000000100000000)
  region size 1024K, 19 young (19456K), 19 survivors (19456K)
 Metaspace       used 40311K, committed 40960K, reserved 1114112K
  class space    used 4458K, committed 4800K, reserved 1048576K
}
Event: 72.846 GC heap before
{Heap before GC invocations=46 (full 0):
 garbage-first heap   total 346112K, used 316218K [0x0000000085200000, 0x0000000100000000)
  region size 1024K, 172 young (176128K), 19 survivors (19456K)
 Metaspace       used 40315K, committed 40960K, reserved 1114112K
  class space    used 4458K, committed 4800K, reserved 1048576K
}
Event: 72.894 GC heap after
{Heap after GC invocations=47 (full 0):
 garbage-first heap   total 346112K, used 155231K [0x0000000085200000, 0x0000000100000000)
  region size 1024K, 14 young (14336K), 14 survivors (14336K)
 Metaspace       used 40315K, committed 40960K, reserved 1114112K
  class space    used 4458K, committed 4800K, reserved 1048576K
}
Event: 73.685 GC heap before
{Heap before GC invocations=47 (full 0):
 garbage-first heap   total 346112K, used 312927K [0x0000000085200000, 0x0000000100000000)
  region size 1024K, 168 young (172032K), 14 survivors (14336K)
 Metaspace       used 40316K, committed 40960K, reserved 1114112K
  class space    used 4458K, committed 4800K, reserved 1048576K
}
Event: 73.710 GC heap after
{Heap after GC invocations=48 (full 0):
 garbage-first heap   total 346112K, used 150107K [0x0000000085200000, 0x0000000100000000)
  region size 1024K, 7 young (7168K), 7 survivors (7168K)
 Metaspace       used 40316K, committed 40960K, reserved 1114112K
  class space    used 4458K, committed 4800K, reserved 1048576K
}
Event: 79.820 GC heap before
{Heap before GC invocations=48 (full 0):
 garbage-first heap   total 346112K, used 314971K [0x0000000085200000, 0x0000000100000000)
  region size 1024K, 168 young (172032K), 7 survivors (7168K)
 Metaspace       used 43147K, committed 43904K, reserved 1114112K
  class space    used 4726K, committed 5056K, reserved 1048576K
}
Event: 79.847 GC heap after
{Heap after GC invocations=49 (full 0):
 garbage-first heap   total 413696K, used 154429K [0x0000000085200000, 0x0000000100000000)
  region size 1024K, 12 young (12288K), 12 survivors (12288K)
 Metaspace       used 43147K, committed 43904K, reserved 1114112K
  class space    used 4726K, committed 5056K, reserved 1048576K
}
Event: 85.442 GC heap before
{Heap before GC invocations=50 (full 0):
 garbage-first heap   total 413696K, used 369469K [0x0000000085200000, 0x0000000100000000)
  region size 1024K, 222 young (227328K), 12 survivors (12288K)
 Metaspace       used 43597K, committed 44288K, reserved 1114112K
  class space    used 4767K, committed 5056K, reserved 1048576K
}
Event: 85.469 GC heap after
{Heap after GC invocations=51 (full 0):
 garbage-first heap   total 413696K, used 160826K [0x0000000085200000, 0x0000000100000000)
  region size 1024K, 18 young (18432K), 18 survivors (18432K)
 Metaspace       used 43597K, committed 44288K, reserved 1114112K
  class space    used 4767K, committed 5056K, reserved 1048576K
}
Event: 89.933 GC heap before
{Heap before GC invocations=51 (full 0):
 garbage-first heap   total 413696K, used 383034K [0x0000000085200000, 0x0000000100000000)
  region size 1024K, 235 young (240640K), 18 survivors (18432K)
 Metaspace       used 43722K, committed 44416K, reserved 1114112K
  class space    used 4771K, committed 5056K, reserved 1048576K
}
Event: 89.982 GC heap after
{Heap after GC invocations=52 (full 0):
 garbage-first heap   total 413696K, used 161798K [0x0000000085200000, 0x0000000100000000)
  region size 1024K, 17 young (17408K), 17 survivors (17408K)
 Metaspace       used 43722K, committed 44416K, reserved 1114112K
  class space    used 4771K, committed 5056K, reserved 1048576K
}
Event: 101.254 GC heap before
{Heap before GC invocations=52 (full 0):
 garbage-first heap   total 413696K, used 237574K [0x0000000085200000, 0x0000000100000000)
  region size 1024K, 92 young (94208K), 17 survivors (17408K)
 Metaspace       used 43796K, committed 44544K, reserved 1114112K
  class space    used 4780K, committed 5120K, reserved 1048576K
}
Event: 101.343 GC heap after
{Heap after GC invocations=53 (full 0):
 garbage-first heap   total 413696K, used 163168K [0x0000000085200000, 0x0000000100000000)
  region size 1024K, 18 young (18432K), 18 survivors (18432K)
 Metaspace       used 43796K, committed 44544K, reserved 1114112K
  class space    used 4780K, committed 5120K, reserved 1048576K
}

Dll operation events (16 events):
Event: 0.012 Attempting to load shared library c:\Program Files\Eclipse Adoptium\jdk-21.0.12.101-hotspot\bin\java.dll
Event: 0.013 Loaded shared library c:\Program Files\Eclipse Adoptium\jdk-21.0.12.101-hotspot\bin\java.dll
Event: 0.054 Attempting to load shared library c:\Program Files\Eclipse Adoptium\jdk-21.0.12.101-hotspot\bin\jsvml.dll
Event: 0.055 Loaded shared library c:\Program Files\Eclipse Adoptium\jdk-21.0.12.101-hotspot\bin\jsvml.dll
Event: 0.081 Attempting to load shared library C:\Program Files\Eclipse Adoptium\jdk-21.0.12.101-hotspot\bin\net.dll
Event: 0.085 Loaded shared library C:\Program Files\Eclipse Adoptium\jdk-21.0.12.101-hotspot\bin\net.dll
Event: 0.091 Attempting to load shared library C:\Program Files\Eclipse Adoptium\jdk-21.0.12.101-hotspot\bin\nio.dll
Event: 0.095 Loaded shared library C:\Program Files\Eclipse Adoptium\jdk-21.0.12.101-hotspot\bin\nio.dll
Event: 0.100 Attempting to load shared library C:\Program Files\Eclipse Adoptium\jdk-21.0.12.101-hotspot\bin\zip.dll
Event: 0.104 Loaded shared library C:\Program Files\Eclipse Adoptium\jdk-21.0.12.101-hotspot\bin\zip.dll
Event: 0.513 Attempting to load shared library C:\Program Files\Eclipse Adoptium\jdk-21.0.12.101-hotspot\bin\jimage.dll
Event: 0.513 Loaded shared library C:\Program Files\Eclipse Adoptium\jdk-21.0.12.101-hotspot\bin\jimage.dll
Event: 0.515 Attempting to load shared library D:\apache-maven-3.9.16\lib\jansi-native\Windows\x86_64\jansi.dll
Event: 0.562 Loaded shared library D:\apache-maven-3.9.16\lib\jansi-native\Windows\x86_64\jansi.dll
Event: 0.599 Attempting to load shared library c:\Program Files\Eclipse Adoptium\jdk-21.0.12.101-hotspot\bin\verify.dll
Event: 0.602 Loaded shared library c:\Program Files\Eclipse Adoptium\jdk-21.0.12.101-hotspot\bin\verify.dll

Deoptimization events (20 events):
Event: 103.290 Thread 0x0000019edadf5060 Uncommon trap: trap_request=0xffffffde fr.pc=0x0000019eed8c2c74 relative=0x0000000000001134
Event: 103.290 Thread 0x0000019edadf5060 Uncommon trap: reason=class_check action=maybe_recompile pc=0x0000019eed8c2c74 method=com.sun.tools.javac.code.Symtab.lookupPackage(Lcom/sun/tools/javac/code/Symbol$ModuleSymbol;Lcom/sun/tools/javac/util/Name;Z)Lcom/sun/tools/javac/code/Symbol$PackageSymb
Event: 103.290 Thread 0x0000019edadf5060 DEOPT PACKING pc=0x0000019eed8c2c74 sp=0x0000009c698fd110
Event: 103.290 Thread 0x0000019edadf5060 DEOPT UNPACKING pc=0x0000019eecee4422 sp=0x0000009c698fd0d0 mode 2
Event: 103.290 Thread 0x0000019edadf5060 Uncommon trap: trap_request=0xffffffde fr.pc=0x0000019eed8c2c74 relative=0x0000000000001134
Event: 103.290 Thread 0x0000019edadf5060 Uncommon trap: reason=class_check action=maybe_recompile pc=0x0000019eed8c2c74 method=com.sun.tools.javac.code.Symtab.lookupPackage(Lcom/sun/tools/javac/code/Symbol$ModuleSymbol;Lcom/sun/tools/javac/util/Name;Z)Lcom/sun/tools/javac/code/Symbol$PackageSymb
Event: 103.290 Thread 0x0000019edadf5060 DEOPT PACKING pc=0x0000019eed8c2c74 sp=0x0000009c698fd110
Event: 103.290 Thread 0x0000019edadf5060 DEOPT UNPACKING pc=0x0000019eecee4422 sp=0x0000009c698fd0d0 mode 2
Event: 103.368 Thread 0x0000019edadf5060 Uncommon trap: trap_request=0xffffff45 fr.pc=0x0000019eedc90d5c relative=0x00000000000005dc
Event: 103.368 Thread 0x0000019edadf5060 Uncommon trap: reason=unstable_if action=reinterpret pc=0x0000019eedc90d5c method=com.sun.tools.javac.util.AbstractLog.useSource(Ljavax/tools/JavaFileObject;)Ljavax/tools/JavaFileObject; @ 4 c2
Event: 103.368 Thread 0x0000019edadf5060 DEOPT PACKING pc=0x0000019eedc90d5c sp=0x0000009c698fd5a0
Event: 103.368 Thread 0x0000019edadf5060 DEOPT UNPACKING pc=0x0000019eecee4422 sp=0x0000009c698fd588 mode 2
Event: 103.440 Thread 0x0000019edadf5060 Uncommon trap: trap_request=0xffffff45 fr.pc=0x0000019eedc62cd4 relative=0x00000000000002d4
Event: 103.440 Thread 0x0000019edadf5060 Uncommon trap: reason=unstable_if action=reinterpret pc=0x0000019eedc62cd4 method=com.sun.tools.javac.jvm.PoolReader.readPoolInternal(Lcom/sun/tools/javac/util/ByteBuffer;I)I @ 41 c2
Event: 103.440 Thread 0x0000019edadf5060 DEOPT PACKING pc=0x0000019eedc62cd4 sp=0x0000009c698fd0d0
Event: 103.440 Thread 0x0000019edadf5060 DEOPT UNPACKING pc=0x0000019eecee4422 sp=0x0000009c698fd090 mode 2
Event: 103.441 Thread 0x0000019edadf5060 Uncommon trap: trap_request=0xffffff45 fr.pc=0x0000019eed67fffc relative=0x000000000000033c
Event: 103.441 Thread 0x0000019edadf5060 Uncommon trap: reason=unstable_if action=reinterpret pc=0x0000019eed67fffc method=java.util.RegularEnumSet.addAll(Ljava/util/Collection;)Z @ 4 c2
Event: 103.441 Thread 0x0000019edadf5060 DEOPT PACKING pc=0x0000019eed67fffc sp=0x0000009c698fcdb0
Event: 103.441 Thread 0x0000019edadf5060 DEOPT UNPACKING pc=0x0000019eecee4422 sp=0x0000009c698fcd78 mode 2

Classes loaded (20 events):
Event: 75.444 Loading class java/util/stream/Nodes$IntFixedNodeBuilder
Event: 75.445 Loading class java/util/stream/Node$Builder$OfInt
Event: 75.446 Loading class java/util/stream/Sink$OfInt
Event: 75.447 Loading class java/util/stream/Sink$OfInt done
Event: 75.447 Loading class java/util/stream/Node$Builder$OfInt done
Event: 75.447 Loading class java/util/stream/Nodes$IntArrayNode
Event: 75.448 Loading class java/util/stream/Nodes$IntArrayNode done
Event: 75.448 Loading class java/util/stream/Nodes$IntFixedNodeBuilder done
Event: 75.448 Loading class java/util/stream/ReferencePipeline$4$1
Event: 75.448 Loading class java/util/stream/ReferencePipeline$4$1 done
Event: 81.645 Loading class java/lang/invoke/MethodHandleImpl$CountingWrapper
Event: 81.646 Loading class java/lang/invoke/MethodHandleImpl$CountingWrapper done
Event: 82.467 Loading class java/lang/invoke/MethodHandleImpl$CountingWrapper$1
Event: 82.468 Loading class java/lang/invoke/MethodHandleImpl$CountingWrapper$1 done
Event: 93.162 Loading class java/util/EnumMap$Values
Event: 93.176 Loading class java/util/EnumMap$Values done
Event: 93.176 Loading class java/util/EnumMap$ValueIterator
Event: 93.206 Loading class java/util/EnumMap$ValueIterator done
Event: 93.262 Loading class java/util/WeakHashMap$KeyIterator
Event: 93.277 Loading class java/util/WeakHashMap$KeyIterator done

Classes unloaded (0 events):
No events

Classes redefined (0 events):
No events

Internal exceptions (20 events):
Event: 85.770 Thread 0x0000019edadf5060 Exception <a 'sun/nio/fs/WindowsException'{0x000000009cae5dd8}> (0x000000009cae5dd8) 
thrown [s\src\hotspot\share\prims\jni.cpp, line 520]
Event: 85.770 Thread 0x0000019edadf5060 Exception <a 'sun/nio/fs/WindowsException'{0x000000009cae6f78}> (0x000000009cae6f78) 
thrown [s\src\hotspot\share\prims\jni.cpp, line 520]
Event: 88.596 Thread 0x0000019edadf5060 Exception <a 'sun/nio/fs/WindowsException'{0x000000009392bb88}> (0x000000009392bb88) 
thrown [s\src\hotspot\share\prims\jni.cpp, line 520]
Event: 88.597 Thread 0x0000019edadf5060 Exception <a 'sun/nio/fs/WindowsException'{0x00000000939306d8}> (0x00000000939306d8) 
thrown [s\src\hotspot\share\prims\jni.cpp, line 520]
Event: 88.597 Thread 0x0000019edadf5060 Exception <a 'sun/nio/fs/WindowsException'{0x0000000093939c38}> (0x0000000093939c38) 
thrown [s\src\hotspot\share\prims\jni.cpp, line 520]
Event: 88.597 Thread 0x0000019edadf5060 Exception <a 'sun/nio/fs/WindowsException'{0x000000009393aae8}> (0x000000009393aae8) 
thrown [s\src\hotspot\share\prims\jni.cpp, line 520]
Event: 89.056 Thread 0x0000019edadf5060 Exception <a 'sun/nio/fs/WindowsException'{0x000000009223cf70}> (0x000000009223cf70) 
thrown [s\src\hotspot\share\prims\jni.cpp, line 520]
Event: 89.057 Thread 0x0000019edadf5060 Exception <a 'sun/nio/fs/WindowsException'{0x000000009224ddf0}> (0x000000009224ddf0) 
thrown [s\src\hotspot\share\prims\jni.cpp, line 520]
Event: 89.058 Thread 0x0000019edadf5060 Exception <a 'sun/nio/fs/WindowsException'{0x000000009227bea8}> (0x000000009227bea8) 
thrown [s\src\hotspot\share\prims\jni.cpp, line 520]
Event: 89.058 Thread 0x0000019edadf5060 Exception <a 'sun/nio/fs/WindowsException'{0x000000009227d038}> (0x000000009227d038) 
thrown [s\src\hotspot\share\prims\jni.cpp, line 520]
Event: 102.133 Thread 0x0000019edadf5060 Exception <a 'sun/nio/fs/WindowsException'{0x00000000fef64bb0}> (0x00000000fef64bb0) 
thrown [s\src\hotspot\share\prims\jni.cpp, line 520]
Event: 102.134 Thread 0x0000019edadf5060 Exception <a 'sun/nio/fs/WindowsException'{0x00000000fef65560}> (0x00000000fef65560) 
thrown [s\src\hotspot\share\prims\jni.cpp, line 520]
Event: 102.141 Thread 0x0000019edadf5060 Exception <a 'sun/nio/fs/WindowsException'{0x00000000fef79838}> (0x00000000fef79838) 
thrown [s\src\hotspot\share\prims\jni.cpp, line 520]
Event: 102.142 Thread 0x0000019edadf5060 Exception <a 'sun/nio/fs/WindowsException'{0x00000000fef7a1f0}> (0x00000000fef7a1f0) 
thrown [s\src\hotspot\share\prims\jni.cpp, line 520]
Event: 103.275 Thread 0x0000019edadf5060 Exception <a 'sun/nio/fs/WindowsException'{0x000000009c4fe268}> (0x000000009c4fe268) 
thrown [s\src\hotspot\share\prims\jni.cpp, line 520]
Event: 103.297 Thread 0x0000019edadf5060 Exception <a 'sun/nio/fs/WindowsException'{0x000000009c3940a0}> (0x000000009c3940a0) 
thrown [s\src\hotspot\share\prims\jni.cpp, line 520]
Event: 103.368 Thread 0x0000019edadf5060 Implicit null exception at 0x0000019eedc907c3 to 0x0000019eedc90d40
Event: 103.427 Thread 0x0000019edadf5060 Exception <a 'sun/nio/fs/WindowsException'{0x000000009c0ed5d0}> (0x000000009c0ed5d0) 
thrown [s\src\hotspot\share\prims\jni.cpp, line 520]
Event: 103.427 Thread 0x0000019edadf5060 Exception <a 'sun/nio/fs/WindowsException'{0x000000009c0ee060}> (0x000000009c0ee060) 
thrown [s\src\hotspot\share\prims\jni.cpp, line 520]
Event: 103.428 Thread 0x0000019edadf5060 Exception <a 'sun/nio/fs/WindowsException'{0x000000009c0eeb80}> (0x000000009c0eeb80) 
thrown [s\src\hotspot\share\prims\jni.cpp, line 520]

ZGC Phase Switch (0 events):
No events

VM Operations (20 events):
Event: 93.021 Executing safepoint VM operation: Cleanup
Event: 93.052 Executing safepoint VM operation: Cleanup done
Event: 93.245 Executing non-safepoint VM operation: HandshakeAllThreads (Deoptimize)
Event: 93.245 Executing non-safepoint VM operation: HandshakeAllThreads (Deoptimize) done
Event: 94.251 Executing safepoint VM operation: Cleanup
Event: 94.308 Executing safepoint VM operation: Cleanup done
Event: 99.343 Executing safepoint VM operation: Cleanup
Event: 99.343 Executing safepoint VM operation: Cleanup done
Event: 100.349 Executing safepoint VM operation: Cleanup
Event: 100.350 Executing safepoint VM operation: Cleanup done
Event: 101.253 Executing safepoint VM operation: G1TryInitiateConcMark (G1 Humongous Allocation)
Event: 101.343 Executing safepoint VM operation: G1TryInitiateConcMark (G1 Humongous Allocation) done
Event: 101.641 Executing safepoint VM operation: G1PauseRemark
Event: 101.707 Executing safepoint VM operation: G1PauseRemark done
Event: 101.916 Executing safepoint VM operation: G1PauseCleanup
Event: 101.917 Executing safepoint VM operation: G1PauseCleanup done
Event: 102.917 Executing safepoint VM operation: Cleanup
Event: 102.917 Executing safepoint VM operation: Cleanup done
Event: 103.932 Executing safepoint VM operation: Cleanup
Event: 103.932 Executing safepoint VM operation: Cleanup done

Memory protections (0 events):
No events

Nmethod flushes (20 events):
Event: 101.702 Thread 0x0000019ef9b30980 flushing  nmethod 0x0000019ee68dc910
Event: 101.702 Thread 0x0000019ef9b30980 flushing  nmethod 0x0000019ee695bb10
Event: 101.702 Thread 0x0000019ef9b30980 flushing  nmethod 0x0000019ee6b15890
Event: 101.702 Thread 0x0000019ef9b30980 flushing  nmethod 0x0000019ee6b16710
Event: 101.702 Thread 0x0000019ef9b30980 flushing  nmethod 0x0000019ee6b18a10
Event: 101.702 Thread 0x0000019ef9b30980 flushing  nmethod 0x0000019ee6b58510
Event: 101.702 Thread 0x0000019ef9b30980 flushing  nmethod 0x0000019ee6b62010
Event: 101.702 Thread 0x0000019ef9b30980 flushing  nmethod 0x0000019ee6bb2590
Event: 101.702 Thread 0x0000019ef9b30980 flushing  nmethod 0x0000019ee6bb2a90
Event: 101.702 Thread 0x0000019ef9b30980 flushing  nmethod 0x0000019ee6bb3910
Event: 101.702 Thread 0x0000019ef9b30980 flushing  nmethod 0x0000019ee6bbd910
Event: 101.703 Thread 0x0000019ef9b30980 flushing  nmethod 0x0000019ee6bc0e90
Event: 101.703 Thread 0x0000019ef9b30980 flushing  nmethod 0x0000019ee6ccd590
Event: 101.703 Thread 0x0000019ef9b30980 flushing  nmethod 0x0000019ee6ccd990
Event: 101.703 Thread 0x0000019ef9b30980 flushing  nmethod 0x0000019ee6f9b190
Event: 101.703 Thread 0x0000019ef9b30980 flushing  nmethod 0x0000019ee6f9b710
Event: 101.703 Thread 0x0000019ef9b30980 flushing  nmethod 0x0000019ee702ca90
Event: 101.703 Thread 0x0000019ef9b30980 flushing  nmethod 0x0000019ee707d810
Event: 101.703 Thread 0x0000019ef9b30980 flushing  nmethod 0x0000019ee7085390
Event: 101.703 Thread 0x0000019ef9b30980 flushing  nmethod 0x0000019ee72fec90

Events (20 events):
Event: 0.032 Thread 0x0000019edadf5060 Thread added: 0x0000019edadf5060
Event: 0.051 Thread 0x0000019edadf5060 Thread added: 0x0000019ef9b4d9f0
Event: 0.051 Thread 0x0000019edadf5060 Thread added: 0x0000019ef9b4e450
Event: 0.051 Thread 0x0000019edadf5060 Thread added: 0x0000019ef9b55640
Event: 0.052 Thread 0x0000019edadf5060 Thread added: 0x0000019ef9b56300
Event: 0.052 Thread 0x0000019edadf5060 Thread added: 0x0000019ef9b56f10
Event: 0.052 Thread 0x0000019edadf5060 Thread added: 0x0000019ef9b5fd90
Event: 0.052 Thread 0x0000019edadf5060 Thread added: 0x0000019ef9b63cf0
Event: 0.052 Thread 0x0000019edadf5060 Thread added: 0x0000019ef9b64ca0
Event: 0.073 Thread 0x0000019edadf5060 Thread added: 0x0000019efa3363c0
Event: 0.077 Thread 0x0000019edadf5060 Thread added: 0x0000019efa33da70
Event: 0.510 Thread 0x0000019edadf5060 Thread added: 0x0000019efa389f30
Event: 0.662 Thread 0x0000019efa389f30 Thread exited: 0x0000019efa389f30
Event: 4.361 Thread 0x0000019edadf5060 Thread added: 0x0000019eff4ff890
Event: 29.303 Thread 0x0000019ef9b63cf0 Thread added: 0x0000019ec1619f70
Event: 33.266 Thread 0x0000019ec1619f70 Thread exited: 0x0000019ec1619f70
Event: 46.883 Thread 0x0000019ef9b64ca0 Thread added: 0x0000019efa5307a0
Event: 50.713 Thread 0x0000019efa5307a0 Thread exited: 0x0000019efa5307a0
Event: 100.053 Thread 0x0000019ef9b64ca0 Thread added: 0x0000019ec1583840
Event: 100.680 Thread 0x0000019ec1583840 Thread exited: 0x0000019ec1583840


Dynamic libraries:
0x00007ff76f020000 - 0x00007ff76f02e000 	c:\Program Files\Eclipse Adoptium\jdk-21.0.12.101-hotspot\bin\java.exe
0x00007ffa6ed20000 - 0x00007ffa6ef87000 	C:\WINDOWS\SYSTEM32\ntdll.dll
0x00007ffa6cf70000 - 0x00007ffa6d03b000 	C:\WINDOWS\System32\KERNEL32.DLL
0x00007ffa6c050000 - 0x00007ffa6c452000 	C:\WINDOWS\System32\KERNELBASE.dll
0x00007ffa6c7f0000 - 0x00007ffa6c93c000 	C:\WINDOWS\System32\ucrtbase.dll
0x00007ffa4fbe0000 - 0x00007ffa4fbfe000 	c:\Program Files\Eclipse Adoptium\jdk-21.0.12.101-hotspot\bin\VCRUNTIME140.dll
0x00007ffa37420000 - 0x00007ffa37438000 	c:\Program Files\Eclipse Adoptium\jdk-21.0.12.101-hotspot\bin\jli.dll
0x00007ffa6e650000 - 0x00007ffa6e81f000 	C:\WINDOWS\System32\USER32.dll
0x00007ffa6ca10000 - 0x00007ffa6ca37000 	C:\WINDOWS\System32\win32u.dll
0x00007ffa6ca40000 - 0x00007ffa6ca6b000 	C:\WINDOWS\System32\GDI32.dll
0x00007ffa6b0d0000 - 0x00007ffa6b360000 	C:\WINDOWS\WinSxS\amd64_microsoft.windows.common-controls_6595b64144ccf1df_6.0.26100.9278_none_3e0d1ba8e3303201\COMCTL32.dll
0x00007ffa6d820000 - 0x00007ffa6d8c9000 	C:\WINDOWS\System32\msvcrt.dll
0x00007ffa6bf20000 - 0x00007ffa6c049000 	C:\WINDOWS\System32\gdi32full.dll
0x00007ffa6c740000 - 0x00007ffa6c7e3000 	C:\WINDOWS\System32\msvcp_win.dll
0x00007ffa6cde0000 - 0x00007ffa6ce11000 	C:\WINDOWS\System32\IMM32.DLL
0x00007ffa6b5d0000 - 0x00007ffa6b5dc000 	c:\Program Files\Eclipse Adoptium\jdk-21.0.12.101-hotspot\bin\vcruntime140_1.dll
0x00007ffa23740000 - 0x00007ffa237cd000 	c:\Program Files\Eclipse Adoptium\jdk-21.0.12.101-hotspot\bin\msvcp140.dll
0x00007ff998390000 - 0x00007ff999132000 	c:\Program Files\Eclipse Adoptium\jdk-21.0.12.101-hotspot\bin\server\jvm.dll
0x00007ffa6d990000 - 0x00007ffa6da4c000 	C:\WINDOWS\System32\ADVAPI32.dll
0x00007ffa6d710000 - 0x00007ffa6d7b9000 	C:\WINDOWS\System32\sechost.dll
0x00007ffa6e830000 - 0x00007ffa6e948000 	C:\WINDOWS\System32\RPCRT4.dll
0x00007ffa6da60000 - 0x00007ffa6dae0000 	C:\WINDOWS\System32\WS2_32.dll
0x00007ffa6bd80000 - 0x00007ffa6bdde000 	C:\WINDOWS\SYSTEM32\POWRPROF.dll
0x00007ffa69890000 - 0x00007ffa6989b000 	C:\WINDOWS\SYSTEM32\VERSION.dll
0x00007ffa607c0000 - 0x00007ffa607f6000 	C:\WINDOWS\SYSTEM32\WINMM.dll
0x00007ffa6bd60000 - 0x00007ffa6bd75000 	C:\WINDOWS\SYSTEM32\UMPDC.dll
0x00007ffa6a550000 - 0x00007ffa6a56b000 	C:\WINDOWS\SYSTEM32\kernel.appcore.dll
0x00007ffa585d0000 - 0x00007ffa585da000 	c:\Program Files\Eclipse Adoptium\jdk-21.0.12.101-hotspot\bin\jimage.dll
0x00007ffa6b6c0000 - 0x00007ffa6b90c000 	C:\WINDOWS\SYSTEM32\DBGHELP.DLL
0x00007ffa6e950000 - 0x00007ffa6ecd5000 	C:\WINDOWS\System32\combase.dll
0x00007ffa6e390000 - 0x00007ffa6e469000 	C:\WINDOWS\System32\OLEAUT32.dll
0x00007ffa6b590000 - 0x00007ffa6b5cb000 	C:\WINDOWS\SYSTEM32\dbgcore.DLL
0x00007ffa6c950000 - 0x00007ffa6c9fc000 	C:\WINDOWS\System32\bcryptPrimitives.dll
0x00007ffa45690000 - 0x00007ffa456b0000 	c:\Program Files\Eclipse Adoptium\jdk-21.0.12.101-hotspot\bin\java.dll
0x00007ffa6daf0000 - 0x00007ffa6e288000 	C:\WINDOWS\System32\SHELL32.dll
0x00007ffa68960000 - 0x00007ffa6920e000 	C:\WINDOWS\SYSTEM32\windows.storage.dll
0x00007ffa6e290000 - 0x00007ffa6e38b000 	C:\WINDOWS\System32\SHCORE.dll
0x00007ffa6cef0000 - 0x00007ffa6cf56000 	C:\WINDOWS\System32\shlwapi.dll
0x00007ffa6be40000 - 0x00007ffa6be69000 	C:\WINDOWS\SYSTEM32\profapi.dll
0x00007ffa23820000 - 0x00007ffa238f7000 	c:\Program Files\Eclipse Adoptium\jdk-21.0.12.101-hotspot\bin\jsvml.dll
0x00007ffa58580000 - 0x00007ffa58590000 	C:\Program Files\Eclipse Adoptium\jdk-21.0.12.101-hotspot\bin\net.dll
0x00007ffa611b0000 - 0x00007ffa612da000 	C:\WINDOWS\SYSTEM32\WINHTTP.dll
0x00007ffa6a180000 - 0x00007ffa6a1ec000 	C:\WINDOWS\system32\mswsock.dll
0x00007ffa436b0000 - 0x00007ffa436c6000 	C:\Program Files\Eclipse Adoptium\jdk-21.0.12.101-hotspot\bin\nio.dll
0x00007ffa3c6a0000 - 0x00007ffa3c6b8000 	C:\Program Files\Eclipse Adoptium\jdk-21.0.12.101-hotspot\bin\zip.dll
0x00007ffa44eb0000 - 0x00007ffa44ed4000 	D:\apache-maven-3.9.16\lib\jansi-native\Windows\x86_64\jansi.dll
0x00007ffa53cf0000 - 0x00007ffa53d00000 	c:\Program Files\Eclipse Adoptium\jdk-21.0.12.101-hotspot\bin\verify.dll
0x00007ffa6b660000 - 0x00007ffa6b696000 	C:\WINDOWS\SYSTEM32\ntmarta.dll

JVMTI agents: none

dbghelp: loaded successfully - version: 4.0.5 - missing functions: none
symbol engine: initialized successfully - sym options: 0x614 - pdb path: .;c:\Program Files\Eclipse Adoptium\jdk-21.0.12.101-hotspot\bin;C:\WINDOWS\SYSTEM32;C:\WINDOWS\WinSxS\amd64_microsoft.windows.common-controls_6595b64144ccf1df_6.0.26100.9278_none_3e0d1ba8e3303201;c:\Program Files\Eclipse Adoptium\jdk-21.0.12.101-hotspot\bin\server;D:\apache-maven-3.9.16\lib\jansi-native\Windows\x86_64

VM Arguments:
jvm_args: --enable-native-access=ALL-UNNAMED -Dclassworlds.conf=D:\apache-maven-3.9.16\bin\m2.conf -Dmaven.home=D:\apache-maven-3.9.16 -Dlibrary.jansi.path=D:\apache-maven-3.9.16\lib\jansi-native -Dmaven.multiModuleProjectDirectory=D:\MEFPT\SIGRH\backend 
java_command: org.codehaus.plexus.classworlds.launcher.Launcher spring-boot:run
java_class_path (initial): D:\apache-maven-3.9.16\boot\plexus-classworlds-2.11.0.jar
Launcher Type: SUN_STANDARD

[Global flags]
     intx CICompilerCount                          = 4                                         {product} {ergonomic}
     uint ConcGCThreads                            = 3                                         {product} {ergonomic}
     uint G1ConcRefinementThreads                  = 10                                        {product} {ergonomic}
   size_t G1HeapRegionSize                         = 1048576                                   {product} {ergonomic}
    uintx GCDrainStackTargetSize                   = 64                                        {product} {ergonomic}
   size_t InitialHeapSize                          = 130023424                                 {product} {ergonomic}
   size_t MarkStackSize                            = 4194304                                   {product} {ergonomic}
   size_t MaxHeapSize                              = 2061500416                                {product} {ergonomic}
   size_t MaxNewSize                               = 1236271104                                {product} {ergonomic}
   size_t MinHeapDeltaBytes                        = 1048576                                   {product} {ergonomic}
   size_t MinHeapSize                              = 8388608                                   {product} {ergonomic}
    uintx NonNMethodCodeHeapSize                   = 5839372                                {pd product} {ergonomic}
    uintx NonProfiledCodeHeapSize                  = 122909434                              {pd product} {ergonomic}
    uintx ProfiledCodeHeapSize                     = 122909434                              {pd product} {ergonomic}
    uintx ReservedCodeCacheSize                    = 251658240                              {pd product} {ergonomic}
     bool SegmentedCodeCache                       = true                                      {product} {ergonomic}
   size_t SoftMaxHeapSize                          = 2061500416                             {manageable} {ergonomic}
     bool UseCompressedOops                        = true                           {product lp64_product} {ergonomic}
     bool UseG1GC                                  = true                                      {product} {ergonomic}
     bool UseLargePagesIndividualAllocation        = false                                  {pd product} {ergonomic}

Logging:
Log output configuration:
 #0: stdout all=warning uptime,level,tags foldmultilines=false
 #1: stderr all=off uptime,level,tags foldmultilines=false

Release file:
IMPLEMENTOR="Eclipse Adoptium" 
IMPLEMENTOR_VERSION="Temurin-21.0.12.1+1" 
JAVA_RUNTIME_VERSION="21.0.12.1+1-LTS" 
JAVA_VERSION="21.0.12.1" 
JAVA_VERSION_DATE="2026-08-18" 
LIBC="default" 
MODULES="java.base java.compiler java.datatransfer java.xml java.prefs java.desktop java.instrument java.logging java.management java.security.sasl java.naming java.rmi java.management.rmi java.net.http java.scripting java.security.jgss java.transaction.xa java.sql java.sql.rowset java.xml.crypto java.se java.smartcardio jdk.accessibility jdk.internal.jvmstat jdk.attach jdk.charsets jdk.internal.opt jdk.zipfs jdk.compiler jdk.crypto.ec jdk.crypto.cryptoki jdk.crypto.mscapi jdk.dynalink jdk.internal.ed jdk.editpad jdk.hotspot.agent jdk.httpserver jdk.incubator.vector jdk.internal.le jdk.internal.vm.ci jdk.internal.vm.compiler jdk.internal.vm.compiler.management jdk.jartool jdk.javadoc jdk.jcmd jdk.management jdk.management.agent jdk.jconsole jdk.jdeps jdk.jdwp.agent jdk.jdi jdk.jfr jdk.jlink jdk.jpackage jdk.jshell jdk.jsobject jdk.jstatd jdk.localedata jdk.management.jfr jdk.naming.dns jdk.naming.rmi jdk.net jdk.nio.mapmode jdk.random jdk.sctp jdk.security.auth jdk.security.jgss jdk.unsupported jdk.unsupported.desktop jdk.xml.dom" 
OS_ARCH="x86_64" 
OS_NAME="Windows" 
SOURCE=".:git:1c417fbfc2f7" 
BUILD_SOURCE="git:e6ba7dec3d07654074559310376a3ae89da5f4ac"
BUILD_SOURCE_REPO="https://github.com/adoptium/temurin-build.git"
SOURCE_REPO="https://github.com/adoptium/jdk21u.git"
FULL_VERSION="21.0.12.1+1-LTS"
SEMANTIC_VERSION="21.0.12.1+1"
BUILD_INFO="OS: Windows Server 2022 Version: 10.0"
JVM_VARIANT="Hotspot"
JVM_VERSION="21.0.12.1+1-LTS"
IMAGE_TYPE="JDK"

Environment Variables:
JAVA_HOME=c:\Program Files\Eclipse Adoptium\jdk-21.0.12.101-hotspot
PATH=c:\Users\amina\AppData\Roaming\Code\User\globalStorage\github.copilot-chat\debugCommand;c:\Users\amina\AppData\Roaming\Code\User\globalStorage\github.copilot-chat\copilotCli;c:\Program Files\Eclipse Adoptium\jdk-21.0.12.101-hotspot\bin;C:\Program Files\Eclipse Adoptium\jdk-21.0.12.101-hotspot\bin;C:\Program Files\Common Files\Oracle\Java\javapath;C:\php;C:\xampp\php;C:\WINDOWS\system32;C:\WINDOWS;C:\WINDOWS\System32\Wbem;C:\WINDOWS\System32\WindowsPowerShell\v1.0\;C:\WINDOWS\System32\OpenSSH\;C:\Program Files\nodejs\;C:\Program Files\MySQL\MySQL Server 8.4\bin;C:\Users\amina\AppData\Local\Programs\Microsoft VS Code\bin;C:\xampp\mysql\bin;C:\Program Files\Git\cmd;C:\Program Files\Eclipse Adoptium\jdk-21.0.12.101-hotspot\bin;D:\apache-maven-3.9.16\bin;C:\php;C:\xampp\php;C:\Users\amina\AppData\Local\Programs\Python\Python312\Scripts\;C:\Users\amina\AppData\Local\Programs\Python\Python312\;C:\Users\amina\AppData\Local\Programs\Python\Launcher\;C:\WINDOWS\system32;C:\WINDOWS;C:\WINDOWS\System32\Wbem;C:\WINDOWS\System32\WindowsPowerShell\v1.0\;C:\WINDOWS\System32\OpenSSH\;C:\Program Files\Git\cmd;C:\Users\amina\.local\bin;C:\Users\amina\AppData\Local\Microsoft\WindowsApps;C:\ProgramData\chocolatey\bin;C:\Users\amina\AppData\Roaming\npm;C:\Users\amina\AppData\Local\Programs\Microsoft VS Code\bin;C:\Program Files\PostgreSQL\18\bin;C:\Program Files\PostgreSQL\18\lib;c:\Users\amina\.vscode\extensions\vscjava.vscode-java-debug-0.59.0\bundled\scripts\noConfigScripts
USERNAME=Amina
LANG=en_US.UTF-8
OS=Windows_NT
PROCESSOR_IDENTIFIER=Intel64 Family 6 Model 154 Stepping 4, GenuineIntel
TMP=C:\Users\amina\AppData\Local\Temp
TEMP=C:\Users\amina\AppData\Local\Temp




Periodic native trim disabled

---------------  S Y S T E M  ---------------

OS:
 Windows 11 , 64 bit Build 26100 (10.0.26100.9444)
OS uptime: 3 days 14:30 hours
Hyper-V role detected

CPU: total 12 (initial active 12) (6 cores per cpu, 2 threads per core) family 6 model 154 stepping 4 microcode 0x432, cx8, cmov, fxsr, ht, mmx, 3dnowpref, sse, sse2, sse3, ssse3, sse4.1, sse4.2, popcnt, lzcnt, tsc, tscinvbit, avx, avx2, aes, erms, clmul, bmi1, bmi2, adx, sha, fma, vzeroupper, clflush, clflushopt, clwb, hv, serialize, rdtscp, rdpid, fsrm, f16c, cet_ibt, cet_ss
Processor Information for processor 0
  Max Mhz: 1300, Current Mhz: 1300, Mhz Limit: 1300
Processor Information for processor 1
  Max Mhz: 1300, Current Mhz: 1300, Mhz Limit: 1300
Processor Information for processor 2
  Max Mhz: 1300, Current Mhz: 1300, Mhz Limit: 1300
Processor Information for processor 3
  Max Mhz: 1300, Current Mhz: 1300, Mhz Limit: 1300
Processor Information for processor 4
  Max Mhz: 1300, Current Mhz: 900, Mhz Limit: 897
Processor Information for processor 5
  Max Mhz: 1300, Current Mhz: 900, Mhz Limit: 897
Processor Information for processor 6
  Max Mhz: 1300, Current Mhz: 900, Mhz Limit: 897
Processor Information for processor 7
  Max Mhz: 1300, Current Mhz: 900, Mhz Limit: 897
Processor Information for processor 8
  Max Mhz: 1300, Current Mhz: 900, Mhz Limit: 897
Processor Information for processor 9
  Max Mhz: 1300, Current Mhz: 900, Mhz Limit: 897
Processor Information for processor 10
  Max Mhz: 1300, Current Mhz: 900, Mhz Limit: 897
Processor Information for processor 11
  Max Mhz: 1300, Current Mhz: 900, Mhz Limit: 897

Memory: 4k page, system-wide physical 7863M (235M free)
TotalPageFile size 32439M (AvailPageFile size 2M)
current process WorkingSet (physical memory assigned to process): 344M, peak: 490M
current process commit charge ("private bytes"): 640M, peak: 645M

vm_info: OpenJDK 64-Bit Server VM (21.0.12.1+1-LTS) for windows-amd64 JRE (21.0.12.1+1-LTS), built on 2026-08-18T00:00:00Z by "admin" with MS VC++ 17.12 (VS2022)

END.
